depmap_id,cell_line_display_name,lineage_1,lineage_2,lineage_3,lineage_5,lineage_6,lineage_4,DOXORUBICIN (GDSC1:133),PEVONEDISTAT (GDSC1:1529)
ACH-002089,201T,Lung,Non-Small Cell Lung Cancer,Lung Adenocarcinoma,NSCLC Adenocarcinoma,,,-5.0655080164892174,
ACH-001002,451LU,Skin,Melanoma,Cutaneous Melanoma,,,,-2.0858882987487632,
ACH-000973,639V,Bladder/Urinary Tract,Urethral Cancer,Urethral Urothelial Carcinoma,Bladder Transitional Cell,,,-5.4351832345577336,-1.3625493747381363
ACH-000757,A427,Lung,Non-Small Cell Lung Cancer,Lung Adenocarcinoma,NSCLC Adenocarcinoma,,,-5.224789407034899,
ACH-002209,ALLPO,Lymphoid,B-Lymphoblastic Leukemia/Lymphoma,B-Lymphoblastic Leukemia/Lymphoma,B-cell,,,-3.384223076379392,
ACH-002210,ARH77,Myeloid,Non-Cancerous,Immortalized Blood,,,,-2.824839622595724,-0.4330442879263894
ACH-002212,BB30HNC,Head and Neck,Head and Neck Squamous Cell Carcinoma,Head and Neck Squamous Cell Carcinoma,,,,-5.309037441519142,
ACH-002090,BB65RCC,Kidney,Renal Cell Carcinoma,Renal Cell Carcinoma,,,,-4.110154669113416,-2.519597918444864
ACH-002216,BE13,Lymphoid,T-Lymphoblastic Leukemia/Lymphoma,T-Lymphoblastic Leukemia/Lymphoma,T-cell,,,-4.384761497515792,
ACH-001016,BECKER,CNS/Brain,Diffuse Glioma,Astrocytoma,,,,-0.1124898566958893,-0.4405040070646084
ACH-000245,BL41,Lymphoid,Non-Hodgkin Lymphoma,Burkitt Lymphoma,B-cell Burkitt,,,-2.5561571082853205,-0.7892777586283409
ACH-001453,BPH1,Prostate,Non-Cancerous,"Hyperplasia, Prostate",,,,-4.655480740785256,
ACH-001021,C3A,Liver,Hepatoblastoma,Hepatoblastoma,,,,-0.4149446051742847,
ACH-002091,CAL39,Vulva/Vagina,Squamous Cell Carcinoma of the Vulva/Vagina,Squamous Cell Carcinoma of the Vulva/Vagina,,,,-2.7208237755056373,
ACH-000857,CAL851,Breast,Invasive Breast Carcinoma,Breast Invasive Ductal Carcinoma,ERneg HER2neg,Basal A,,-4.3791493939962685,
ACH-001738,CCRFCEM,Lymphoid,T-Lymphoblastic Leukemia/Lymphoma,T-Lymphoblastic Leukemia/Lymphoma,T-cell,,,-5.24645135368195,-1.6110964196039068
ACH-002218,CESS,Myeloid,Acute Myeloid Leukemia,Acute Myeloid Leukemia,,,,-4.29040037306045,-2.0988226494455384
ACH-000136,CHP126,Peripheral Nervous System,Neuroblastoma,Neuroblastoma,,MYCN Amp,,-3.2507894408719085,
ACH-002092,CHSA0011,Bone,Chondrosarcoma,Chondrosarcoma,,,,0.0204029371854904,
ACH-002093,CHSA0108,Bone,Chondrosarcoma,Chondrosarcoma,,,,-0.1847303371741638,
ACH-000641,CMK,Myeloid,Acute Myeloid Leukemia,Myeloid Leukemia Associated with Down Syndrome,M7,,,-3.2484082617367567,-0.6077356341946066
ACH-001039,COLO205,Bowel,Colorectal Adenocarcinoma,Colon Adenocarcinoma,,,,-5.4263072165109065,
ACH-000864,COLO684,Uterus,Endometrial Carcinoma,Endometrial Carcinoma,,,,-1.4876990323614991,
ACH-001049,CPCN,Lung,Lung Neuroendocrine Tumor,Small Cell Lung Cancer,,,,-1.94374507049602,
ACH-002220,CROAP2,Lymphoid,Non-Hodgkin Lymphoma,Primary Effusion Lymphoma,B-cell Primary Effusion,,,,-3.2519119216296084
ACH-002099,CS1,Bone,Chondrosarcoma,Chondrosarcoma,,,,-0.6531096917785181,
ACH-002221,CTB1,Lymphoid,Non-Hodgkin Lymphoma,"Diffuse Large B-Cell Lymphoma, NOS",DLBCL,,,-2.600121163807568,
ACH-002222,CTV1,Lymphoid,Non-Hodgkin Lymphoma,Adult T-Cell Leukemia/Lymphoma,T-cell,,,-5.298857862346868,
ACH-002225,D263MG,CNS/Brain,Diffuse Glioma,Glioblastoma,Glioblastoma,,,-0.5479709664031781,-0.2468428470992972
ACH-002227,D392MG,CNS/Brain,Diffuse Glioma,Glioblastoma,Glioblastoma,,,-0.3292695208013178,-1.6418262285041156
ACH-002228,D423MG,CNS/Brain,Diffuse Glioma,Glioblastoma,Glioblastoma,,,-2.513969952108444,
ACH-002229,D502MG,CNS/Brain,Diffuse Glioma,Glioblastoma,Glioblastoma,,,-0.2388027758362788,
ACH-002231,D566MG,CNS/Brain,Diffuse Glioma,Glioblastoma,Glioblastoma,,,-3.7704173184212566,
ACH-002232,DG75,Lymphoid,Non-Hodgkin Lymphoma,Burkitt Lymphoma,B-cell Burkitt,,,-0.0212063000120609,
ACH-002100,DJM1,Skin,Cutaneous Squamous Cell Carcinoma,Cutaneous Squamous Cell Carcinoma,,,,-2.4103786486100063,
ACH-002234,DOK,Head and Neck,"Head and Neck Carcinoma, Other","Head and Neck Carcinoma, Other",,,,-0.0660196506583125,
ACH-002235,DSH1,Bladder/Urinary Tract,Bladder Urothelial Carcinoma,Bladder Urothelial Carcinoma,,,,-2.705624059648577,-0.3440168747641008
ACH-000038,EHEB,Lymphoid,B-Lymphoblastic Leukemia/Lymphoma,B-Lymphoblastic Leukemia/Lymphoma,B-cell,,,-2.302951170830569,
ACH-000585,EPLC272H,Lung,Non-Small Cell Lung Cancer,Lung Squamous Cell Carcinoma,NSCLC Squamous,,,-2.0579266631254653,
ACH-002103,ES1,Bone,Ewing Sarcoma,Ewing Sarcoma,,,,-5.5837898240094255,
ACH-002104,ES3,Bone,Ewing Sarcoma,Ewing Sarcoma,,,,-3.825949159030533,-0.509352149766751
ACH-002105,ES4,Bone,Ewing Sarcoma,Ewing Sarcoma,,,,-6.367125380944934,-2.3374267903481463
ACH-002106,ES5,Bone,Ewing Sarcoma,Ewing Sarcoma,,,,-0.8305836935854708,
ACH-002107,ES6,Bone,Ewing Sarcoma,Ewing Sarcoma,,,,-1.2156050448663869,
ACH-002108,ES7,Bone,Ewing Sarcoma,Ewing Sarcoma,,,,-4.51163260710446,-3.0311466715202218
ACH-002109,ES8,Bone,Ewing Sarcoma,Ewing Sarcoma,,,,-4.84499539512203,
ACH-002237,ETK1,Biliary Tract,Intraductal Papillary Neoplasm of the Bile Duct,Intrahepatic Cholangiocarcinoma,Intrahepatic,,,-2.5136520317417768,-0.0092545961290244
ACH-001065,EVSAT,Breast,Invasive Breast Carcinoma,Breast Invasive Lobular Carcinoma,,,,-0.1798262722113464,
ACH-002110,EW1,Bone,Ewing Sarcoma,Ewing Sarcoma,,,,-3.422055194407758,-2.527217093318691
ACH-002111,EW11,Bone,Ewing Sarcoma,Ewing Sarcoma,,,,-0.6343931545152702,
ACH-002113,EW13,Bone,Ewing Sarcoma,Ewing Sarcoma,,,,-5.652819270294353,
ACH-002114,EW16,Bone,Ewing Sarcoma,Ewing Sarcoma,,,,-7.222189304193824,-2.2319499161374408
ACH-002115,EW18,Bone,Ewing Sarcoma,Ewing Sarcoma,,,,-0.991834880929222,
ACH-002116,EW22,Bone,Ewing Sarcoma,Ewing Sarcoma,,,,,-1.0523517869947747
ACH-002118,EW3,Bone,Ewing Sarcoma,Ewing Sarcoma,,,,,-0.2998023054909838
ACH-002119,EW7,Bone,Ewing Sarcoma,Ewing Sarcoma,,,,-3.865212456539192,
ACH-000633,FU97,Esophagus/Stomach,Esophagogastric Adenocarcinoma,Diffuse Type Stomach Adenocarcinoma,Diffuse Gastric,,,-2.182008006386402,
ACH-002120,GAK,Vulva/Vagina,Mucosal Melanoma of the Vulva/Vagina,Mucosal Melanoma of the Vulva/Vagina,,,,-1.1637077461604222,
ACH-002121,GMEL,Skin,Melanoma,Cutaneous Melanoma,,,,-3.689398000648721,-2.208919867435911
ACH-000102,GMS10,CNS/Brain,Diffuse Glioma,Glioblastoma,Glioblastoma,,,-0.7653195462462324,
ACH-002238,GRST,Lymphoid,B-Lymphoblastic Leukemia/Lymphoma,B-Lymphoblastic Leukemia/Lymphoma,B-cell,,,-1.6100993305744211,
ACH-002123,H2369,Pleura,Pleural Mesothelioma,Pleural Mesothelioma,,,,-2.8808781233057545,
ACH-002124,H2373,Pleura,Pleural Mesothelioma,"Pleural Mesothelioma, Sarcomatoid Type",,,,-1.2363888933857814,-1.4169417471274015
ACH-002125,H2461,Pleura,Pleural Mesothelioma,"Pleural Mesothelioma, Epithelioid Type",,,,-0.9786346161207128,
ACH-002126,H2591,Pleura,Pleural Mesothelioma,"Pleural Mesothelioma, Epithelioid Type",,,,-1.0023792921439665,-1.4312838317411931
ACH-002127,H2595,Pleura,Pleural Mesothelioma,"Pleural Mesothelioma, Epithelioid Type",,,,-2.2309148090856192,
ACH-002128,H2722,Pleura,Pleural Mesothelioma,Pleural Mesothelioma,,,,-2.1465425351510827,
ACH-002130,H2795,Pleura,Pleural Mesothelioma,"Pleural Mesothelioma, Epithelioid Type",,,,-0.1826757056060916,
ACH-002132,H2804,Pleura,Pleural Mesothelioma,Pleural Mesothelioma,,,,-3.6188957945839992,
ACH-002134,H2818,Pleura,Pleural Mesothelioma,"Pleural Mesothelioma, Epithelioid Type",,,,-0.068885279197955,
ACH-002135,H2869,Pleura,Pleural Mesothelioma,"Pleural Mesothelioma, Biphasic Type",,,,-1.186151800119779,
ACH-002136,H290,Pleura,Pleural Mesothelioma,Pleural Mesothelioma,,,,-1.9564707112809567,-2.63123666650754
ACH-002239,H3118,Head and Neck,Salivary Carcinoma,Mucoepidermoid Carcinoma,,,,-4.770834437668531,-0.5954151913552425
ACH-002138,H513,Lung,Non-Small Cell Lung Cancer,Lung Adenosquamous Carcinoma,NSCLC Adenosquamous,,,-0.0390576826343344,
ACH-002240,H9,Lymphoid,Non-Hodgkin Lymphoma,Sezary Syndrome,T-cell Cutaneous,,,-3.751407576252241,
ACH-002139,HA7RCC,Kidney,Renal Cell Carcinoma,Renal Cell Carcinoma,,,,,-2.7928826774368387
ACH-002241,HAL01,Lymphoid,B-Lymphoblastic Leukemia/Lymphoma,B-Lymphoblastic Leukemia/Lymphoma,B-cell,,,-1.4280079320041124,
ACH-002242,HC1,Lymphoid,Non-Hodgkin Lymphoma,Hairy Cell Leukemia,,,,-3.7846387070576433,-1.7594063038737164
ACH-000725,HCC202,Breast,Breast Ductal Carcinoma In Situ,Breast Ductal Carcinoma In Situ,ERneg HER2pos,HER2 Amp,,-0.1136426026595432,
ACH-000755,HCC2218,Breast,Breast Ductal Carcinoma In Situ,Breast Ductal Carcinoma In Situ,ERneg HER2pos,HER2 Amp,,-1.4443731772961537,
ACH-001081,HCC2998,Bowel,Colorectal Adenocarcinoma,Colon Adenocarcinoma,,,,-4.328791625056343,
ACH-000668,HCC70,Breast,Invasive Breast Carcinoma,Breast Invasive Ductal Carcinoma,ERneg HER2neg,Basal A,,-0.8146581266477101,-1.2709494234922445
ACH-002243,HCE4,Esophagus/Stomach,Esophageal Squamous Cell Carcinoma,Esophageal Squamous Cell Carcinoma,,,,-5.161456415394799,-1.922110117172808
ACH-000267,HDLM2,Lymphoid,Hodgkin Lymphoma,Hodgkin Lymphoma,,,,-0.1212121142436899,
ACH-001086,HELA,Cervix,Cervical Adenocarcinoma,Endocervical Adenocarcinoma,,,,-0.7433791985239431,
ACH-001519,HEMCSS,Bone,Chondrosarcoma,Extraskeletal Myxoid Chondrosarcoma,,,,-1.1620138315007709,
ACH-001089,HLE,Liver,Hepatocellular Carcinoma,Hepatocellular Carcinoma,,,,-4.010342584524828,-1.022822100957392
ACH-001090,HN,Head and Neck,Head and Neck Squamous Cell Carcinoma,Oral Cavity Squamous Cell Carcinoma,Oral,,,-0.9129587816917892,-0.57512226409512
ACH-002244,HO1N1,Head and Neck,Head and Neck Squamous Cell Carcinoma,Oral Cavity Squamous Cell Carcinoma,Oral,,,,-1.9108227105411344
ACH-000861,HOP62,Lung,Non-Small Cell Lung Cancer,Lung Adenocarcinoma,NSCLC Adenocarcinoma,,,-3.833565245766276,-3.0785447329934668
ACH-000825,HOP92,Lung,Non-Small Cell Lung Cancer,Non-Small Cell Lung Cancer,,,,-1.3403899779618609,
ACH-002246,HS633T,Soft Tissue,Fibrosarcoma,Fibrosarcoma,,,,-4.790916304011784,-1.7464607710548476
ACH-002141,HSC39,Esophagus/Stomach,Esophagogastric Adenocarcinoma,Signet Ring Cell Carcinoma of the Stomach,Signet Ring Cell,,,,-0.0178467004976898
ACH-000546,HSC4,Head and Neck,Head and Neck Squamous Cell Carcinoma,Oral Cavity Squamous Cell Carcinoma,,,,-2.6389230099437366,
ACH-000538,HUTU80,Bowel,Small Bowel Cancer,Duodenal Adenocarcinoma,,,,-6.972553510575121,-1.7150815403765711
ACH-002247,IM9,Myeloid,Non-Cancerous,Immortalized Blood,,,,-3.828336022013089,-1.4718919326247977
ACH-002143,ISTMEL1,Skin,Melanoma,Melanoma,,,,-5.536158337444018,-3.4154853204329654
ACH-002144,ISTSL1,Lung,Lung Neuroendocrine Tumor,Small Cell Lung Cancer,,,,-0.1510021069725342,
ACH-002145,ISTSL2,Lung,Lung Neuroendocrine Tumor,Small Cell Lung Cancer,,,,-2.6345778339099395,
ACH-000577,JHH2,Liver,Hepatocellular Carcinoma,Hepatocellular Carcinoma,,,,-0.461894224144481,
ACH-002249,JHU011,Head and Neck,Head and Neck Squamous Cell Carcinoma,Larynx Squamous Cell Carcinoma,Laryngeal,,,-6.202164244590724,
ACH-002250,JHU022,Head and Neck,Head and Neck Squamous Cell Carcinoma,Larynx Squamous Cell Carcinoma,Oral,,,-0.2742851227057479,-0.6849848558405908
ACH-002251,JHU029,Head and Neck,Head and Neck Squamous Cell Carcinoma,Larynx Squamous Cell Carcinoma,Laryngeal,,,-5.048856666934938,
ACH-000106,JVM2,Lymphoid,Non-Hodgkin Lymphoma,Mantle Cell Lymphoma,B-cell Mantle Cell,,,-1.1475503538207656,-1.4416142189383616
ACH-002147,K2,Skin,Melanoma,Melanoma,,,,-0.724280092790933,
ACH-002148,K5,Thyroid,Well-Differentiated Thyroid Cancer,Papillary Thyroid Cancer,,,,-1.7379935194706593,
ACH-002255,KARPAS231,Lymphoid,Non-Hodgkin Lymphoma,"Diffuse Large B-Cell Lymphoma, NOS",DLBCL,,,-4.0373319865475406,
ACH-000053,KARPAS299,Lymphoid,Non-Hodgkin Lymphoma,Anaplastic Large-Cell Lymphoma ALK Positive,T-cell ALCL,,,-2.2537345579346875,
ACH-002257,KINGS1,CNS/Brain,Diffuse Glioma,Anaplastic Astrocytoma,Astrocytoma,,,-0.3284128069153971,
ACH-000969,KM12,Bowel,Colorectal Adenocarcinoma,Colon Adenocarcinoma,,MSI,,-1.3562223145458174,
ACH-002258,KMOE2,Myeloid,Acute Myeloid Leukemia,Acute Myeloid Leukemia,M6,,,-1.0289143521316757,
ACH-002259,KNS81FD,CNS/Brain,Diffuse Glioma,Glioblastoma,Glioblastoma,,,-1.2471255263229293,
ACH-001107,KP1N,Pancreas,Pancreatic Adenocarcinoma,Pancreatic Adenocarcinoma,Exocrine Adenocarcinoma,,,-2.6737317533643634,
ACH-002261,KPNYS,Peripheral Nervous System,Neuroblastoma,Neuroblastoma,,,,-1.4985620352622189,
ACH-002263,KYSE220,Esophagus/Stomach,Esophageal Squamous Cell Carcinoma,Esophageal Squamous Cell Carcinoma,,,,-2.9647853763956644,
ACH-002264,KYSE50,Esophagus/Stomach,Esophageal Squamous Cell Carcinoma,Esophageal Squamous Cell Carcinoma,,,,-2.653792565981864,
ACH-000806,L540,Lymphoid,Hodgkin Lymphoma,Hodgkin Lymphoma,,,,-3.119309344621567,-0.1009134082769745
ACH-001355,LAN6,Peripheral Nervous System,Neuroblastoma,Neuroblastoma,,,,-1.9391292735615893,
ACH-002150,LB1047RCC,Kidney,Renal Cell Carcinoma,Renal Cell Carcinoma,,,,-1.924446376675508,
ACH-002151,LB2241RCC,Kidney,Renal Cell Carcinoma,Renal Cell Carcinoma,,,,-1.468573159586898,-2.1569430257918687
ACH-002153,LB373MELD,Skin,Melanoma,Melanoma,,,,-0.8540797155864832,
ACH-002154,LB647SCLC,Lung,Lung Neuroendocrine Tumor,Small Cell Lung Cancer,,,,-1.724043517898468,
ACH-002266,LB831BLC,Bladder/Urinary Tract,Bladder Urothelial Carcinoma,Bladder Urothelial Carcinoma,,,,-1.5928747768361482,
ACH-002155,LB996RCC,Kidney,Renal Cell Carcinoma,Renal Cell Carcinoma,,,,-2.1263532763780684,
ACH-002156,LC1SQ,Lung,Non-Small Cell Lung Cancer,Lung Squamous Cell Carcinoma,NSCLC Squamous,,,-1.973705626344309,
ACH-002157,LC2AD,Lung,Non-Small Cell Lung Cancer,Lung Adenocarcinoma,NSCLC Adenocarcinoma,,,-6.6347961348022375,-1.6240740932771005
ACH-002267,LC41,Lymphoid,B-Lymphoblastic Leukemia/Lymphoma,B-Lymphoblastic Leukemia/Lymphoma,B-cell,,,-1.281153679232463,
ACH-000596,LCLC97TM1,Lung,Non-Small Cell Lung Cancer,Large Cell Lung Carcinoma,NSCLC Large Cell,,,-5.955683008581016,
ACH-002269,LNZTA3WT4,CNS/Brain,Diffuse Glioma,Astrocytoma,Astrocytoma,,,-0.8246603025731748,
ACH-000438,LU65,Lung,Non-Small Cell Lung Cancer,Giant Cell Carcinoma of the Lung,NSCLC Large Cell,,,-0.4274494775584475,
ACH-002158,LU99A,Lung,Non-Small Cell Lung Cancer,Giant Cell Carcinoma of the Lung,NSCLC Large Cell,,,-1.9666269041883992,-2.4600504542912898
ACH-001118,M059J,CNS/Brain,Diffuse Glioma,Glioblastoma,,,,-4.212900409293663,
ACH-002159,M14,Skin,Melanoma,Melanoma,Amelanotic,,,0.0339784264676621,
ACH-002270,MCCAR,Myeloid,Non-Cancerous,Immortalized Blood,,,,-4.046317463995492,
ACH-002160,MCIXC,Bone,Ewing Sarcoma,Ewing Sarcoma,,,,-4.282925828908225,-1.316913911195991
ACH-002271,MFHINO,Soft Tissue,Undifferentiated Pleomorphic Sarcoma/Malignant Fibrous Histiocytoma/High-Grade Spindle Cell Sarcoma,Undifferentiated Pleomorphic Sarcoma/Malignant Fibrous Histiocytoma/High-Grade Spindle Cell Sarcoma,,,,-6.882740669515353,
ACH-002272,MHHPREB1,Lymphoid,Non-Hodgkin Lymphoma,Mature B-Cell Neoplasms,B-cell,,,-1.8812865130635776,
ACH-002161,MKN28,Esophagus/Stomach,Esophagogastric Adenocarcinoma,Tubular Stomach Adenocarcinoma,Tubular,,,-4.380075889120912,
ACH-000058,ML1,Thyroid,Well-Differentiated Thyroid Cancer,Follicular Thyroid Cancer,Follicular,,,-3.500040317184681,
ACH-002273,ML2,Myeloid,Acute Myeloid Leukemia,Acute Myeloid Leukemia,,,,-2.3944669308647097,-1.9582750001287224
ACH-002275,MN60,Lymphoid,Non-Hodgkin Lymphoma,Burkitt Lymphoma,B-cell,,,-0.1894212742132121,
ACH-001125,MOGGCCM,CNS/Brain,Diffuse Glioma,Anaplastic Astrocytoma,,,,-1.3262704338490727,
ACH-001126,MOGGUVW,CNS/Brain,Diffuse Glioma,Anaplastic Astrocytoma,,,,-4.111502220818219,-3.1290873834195563
ACH-000745,MOLP8,Lymphoid,Non-Hodgkin Lymphoma,Plasma Cell Myeloma,,,,-2.867743538211541,-1.6239036233594408
ACH-001127,MOLT4,Lymphoid,T-Lymphoblastic Leukemia/Lymphoma,T-Lymphoblastic Leukemia/Lymphoma,T-cell,,,-5.09452985143786,-0.3351647701465374
ACH-002163,MRKNU1,Breast,Invasive Breast Carcinoma,Breast Invasive Lobular Carcinoma,,,,-3.3648285296221343,
ACH-001131,MSDASH1,Skin,Merkel Cell Carcinoma,Merkel Cell Carcinoma,,,,-1.2552060864832977,
ACH-000045,MV411,Myeloid,Acute Myeloid Leukemia,Acute Myeloid Leukemia,,,,-5.720218359629271,-2.6820516386495483
ACH-002276,MYM12,Myeloid,Acute Leukemias of Ambiguous Lineage,Acute Leukemias of Ambiguous Lineage,,,,-4.182781701930844,
ACH-002164,MZ1PC,Pancreas,Pancreatic Adenocarcinoma,Pancreatic Adenocarcinoma,Exocrine Adenocarcinoma,,,-3.7852572052532034,-1.357505305883645
ACH-002165,MZ2MEL,Skin,Melanoma,Melanoma,,,,-4.2387294044287325,
ACH-002166,MZ7MEL,Skin,Melanoma,Melanoma,,,,-2.0498564625630094,
ACH-002278,NB10,Peripheral Nervous System,Neuroblastoma,Neuroblastoma,,,,-1.8300781814266136,-1.4698519016874314
ACH-002279,NB12,Peripheral Nervous System,Neuroblastoma,Neuroblastoma,,,,-0.8087684554455433,
ACH-002280,NB13,Peripheral Nervous System,Neuroblastoma,Neuroblastoma,,,,-2.276683106466096,
ACH-002281,NB14,Peripheral Nervous System,Neuroblastoma,Neuroblastoma,,,,-1.2076549351632682,
ACH-002283,NB5,Peripheral Nervous System,Neuroblastoma,Neuroblastoma,,,,-0.3927180488818547,-1.5027684736996696
ACH-002285,NB7,Peripheral Nervous System,Neuroblastoma,Neuroblastoma,,,,-1.7547070603619268,
ACH-002169,NCIH1304,Lung,Lung Neuroendocrine Tumor,Small Cell Lung Cancer,,,,-0.8935196973838077,
ACH-002170,NCIH1688,Lung,Lung Neuroendocrine Tumor,Small Cell Lung Cancer,,,,-0.6176440486454879,
ACH-000290,NCIH209,Lung,Lung Neuroendocrine Tumor,Small Cell Lung Cancer,,,,-3.829282980468657,
ACH-000337,NCIH3122,Lung,Non-Small Cell Lung Cancer,Lung Adenocarcinoma,NSCLC Adenocarcinoma,,,-4.4778674756509735,-1.1105390375947946
ACH-000109,NCIH3255,Lung,Non-Small Cell Lung Cancer,Lung Adenocarcinoma,NSCLC Adenocarcinoma,,,-2.3881737190329373,
ACH-000871,NCIH510,Lung,Lung Neuroendocrine Tumor,Small Cell Lung Cancer,,,,-1.0119785042174505,
ACH-000767,NCIH526,Lung,Lung Neuroendocrine Tumor,Small Cell Lung Cancer,,,,-3.7016811386989343,
ACH-002288,NEC8,Testis,Non-Seminomatous Germ Cell Tumor,Embryonal Carcinoma,,,,-4.402148447038915,
ACH-002289,NK92MI,Lymphoid,T-Lymphoblastic Leukemia/Lymphoma,Natural Killer (NK) Cell Lymphoblastic Leukemia/Lymphoma (NKCLL),,,,-0.9719882923014236,
ACH-002290,NKM1,Myeloid,Acute Myeloid Leukemia,Acute Myeloid Leukemia,,,,-4.407178544218142,-1.9093207469008904
ACH-000200,NMCG1,CNS/Brain,Diffuse Glioma,Glioblastoma,Glioblastoma,,,-0.381497959202111,
ACH-000116,OAW28,Ovary/Fallopian Tube,Ovarian Epithelial Tumor,High-Grade Serous Ovarian Cancer,High Grade Serous,,,-1.92377372483534,
ACH-000962,OC314,Ovary/Fallopian Tube,Ovarian Epithelial Tumor,Serous Ovarian Cancer,Clear Cell,,,-4.728495059016588,
ACH-002179,OCUBM,Breast,Invasive Breast Carcinoma,Invasive Breast Carcinoma,,,,-6.138485667230673,
ACH-000247,OCUM1,Esophagus/Stomach,Esophagogastric Adenocarcinoma,Diffuse Type Stomach Adenocarcinoma,Diffuse Gastric,,,-2.8117889851770537,
ACH-002180,OMC1,Cervix,Cervical Squamous Cell Carcinoma,Cervical Squamous Cell Carcinoma,,,,-1.45547285616414,
ACH-000024,OPM2,Lymphoid,Non-Hodgkin Lymphoma,Plasma Cell Myeloma,,,,-0.4289277171306429,
ACH-000617,OVCAR4,Ovary/Fallopian Tube,Ovarian Epithelial Tumor,High-Grade Serous Ovarian Cancer,High Grade Serous,,,-1.5529392928610648,
ACH-001151,OVCAR5,Ovary/Fallopian Tube,Ovarian Epithelial Tumor,High-Grade Serous Ovarian Cancer,High Grade Serous,,,-1.7351485622385991,-0.6689963851528049
ACH-002183,OVMIU,Ovary/Fallopian Tube,Ovarian Epithelial Tumor,High-Grade Serous Ovarian Cancer,High Grade Serous,,,-1.4900636934799507,
ACH-000770,P31FUJ,Myeloid,Acute Myeloid Leukemia,Acute Myeloid Leukemia,M5,,,,-0.3772915798014806
ACH-002293,P32ISH,Lymphoid,Non-Hodgkin Lymphoma,Burkitt Lymphoma,B-cell Burkitt,,,-2.9078168726167672,-0.587193456694589
ACH-002184,PC3JPC3,Lung,Non-Small Cell Lung Cancer,Lung Adenocarcinoma,NSCLC Adenocarcinoma,,,-0.7378662290852875,
ACH-002294,PCI15A,Head and Neck,Head and Neck Squamous Cell Carcinoma,Hypopharynx Squamous Cell Carcinoma,,,,-1.7035203078401644,-0.3976816265145373
ACH-002296,PCI38,Head and Neck,Head and Neck Squamous Cell Carcinoma,Oral Cavity Squamous Cell Carcinoma,,,,,-1.3838658374834016
ACH-002297,PCI4B,Head and Neck,Head and Neck Squamous Cell Carcinoma,Larynx Squamous Cell Carcinoma,Laryngeal,,,-4.9456538585290994,
ACH-002298,PCI6A,Head and Neck,Head and Neck Squamous Cell Carcinoma,Oral Cavity Squamous Cell Carcinoma,,,,-5.58339986985476,
ACH-002185,PL18,Pancreas,Pancreatic Adenocarcinoma,Pancreatic Adenocarcinoma,Exocrine Adenocarcinoma,,,-3.2494018620261103,-0.7966217184130163
ACH-002186,PL4,Pancreas,Pancreatic Adenocarcinoma,Pancreatic Adenocarcinoma,Exocrine Adenocarcinoma,,,-0.7968711746097247,
ACH-002299,QIMRWIL,Myeloid,Acute Myeloid Leukemia,Acute Myeloid Leukemia,,,,-5.166144386782936,-0.4062579119197231
ACH-000654,RAJI,Lymphoid,Non-Hodgkin Lymphoma,Burkitt Lymphoma,B-cell Burkitt,,,-0.7659057744188102,-0.2834850853607066
ACH-000960,REH,Lymphoid,B-Lymphoblastic Leukemia/Lymphoma,B-Lymphoblastic Leukemia/Lymphoma,B-cell,,,-7.118000945314572,
ACH-002301,RF48,Lymphoid,Non-Hodgkin Lymphoma,Non-Hodgkin Lymphoma,B-cell,,,-3.4618150006711548,
ACH-001182,RPMI6666,Lymphoid,B-Lymphoblastic Leukemia/Lymphoma,B-Lymphoblastic Leukemia/Lymphoma,,,,-2.6780045842162874,-0.6408315321755961
ACH-000817,RPMI8226,Lymphoid,Non-Hodgkin Lymphoma,Plasma Cell Myeloma,Plasmacytoma,,,-2.0127863987189576,
ACH-002302,RPMI8866,Myeloid,Myeloproliferative Neoplasms,Chronic Myelogenous Leukemia,,,,-2.023211663926748,-2.521967089462404
ACH-000874,RS411,Lymphoid,B-Lymphoblastic Leukemia/Lymphoma,B-Lymphoblastic Leukemia/Lymphoma,B-cell,,,-5.284492634365215,-0.6994396423752118
ACH-002195,RXF393,Kidney,Renal Cell Carcinoma,Renal Cell Carcinoma,,,,-0.9705289643867572,
ACH-002196,SBC1,Lung,Lung Neuroendocrine Tumor,Small Cell Lung Cancer,,,,-2.0561840405455647,
ACH-002197,SBC3,Lung,Lung Neuroendocrine Tumor,Small Cell Lung Cancer,,,,-5.449296868868487,
ACH-000254,SCC15,Head and Neck,Head and Neck Squamous Cell Carcinoma,Oral Cavity Squamous Cell Carcinoma,,,,-1.5540035434826092,-0.8493038874632379
ACH-000238,SCC4,Head and Neck,Head and Neck Squamous Cell Carcinoma,Oral Cavity Squamous Cell Carcinoma,Oral,,,-1.5533032766208277,
ACH-000655,SF268,CNS/Brain,Diffuse Glioma,Astrocytoma,,,,-2.645405452805289,
ACH-000273,SF539,CNS/Brain,Diffuse Glioma,Gliosarcoma,,,,-2.037858301138036,-1.7521153906308236
ACH-000112,SIGM5,Myeloid,Acute Myeloid Leukemia,Acute Monoblastic/Monocytic Leukemia,M5,,,-4.745729470852981,
ACH-001189,SJRH30,Soft Tissue,Rhabdomyosarcoma,Alveolar Rhabdomyosarcoma,,,,-1.9395795199064407,
ACH-002304,SKMG1,CNS/Brain,Diffuse Glioma,Astrocytoma,Astrocytoma,,,-4.672519676986704,
ACH-002305,SKN3,Head and Neck,Head and Neck Squamous Cell Carcinoma,Oral Cavity Squamous Cell Carcinoma,,,,,-1.5932801820993892
ACH-001193,SKPNDW,Bone,Ewing Sarcoma,Ewing Sarcoma,,EWS_FLI,,-4.690789524811987,
ACH-002199,SN12C,Kidney,Renal Cell Carcinoma,Renal Cell Carcinoma,,,,-0.4396874952702613,
ACH-000504,SNB75,CNS/Brain,Diffuse Glioma,Glioblastoma,,,,-0.7227401542250129,
ACH-000303,SNU5,Esophagus/Stomach,Esophagogastric Adenocarcinoma,Stomach Adenocarcinoma,,,,-0.7719851030912054,
ACH-001199,SNUC2B,Bowel,Colorectal Adenocarcinoma,Colon Adenocarcinoma,,,,-0.3083362334783168,
ACH-002306,STS0421,Esophagus/Stomach,Esophagogastric Adenocarcinoma,Stomach Adenocarcinoma,,,,-3.483324713035985,
ACH-002307,SUDHL16,Lymphoid,Non-Hodgkin Lymphoma,Mature B-Cell Neoplasms,B-cell,,,-2.3012468373929384,-2.2534974898053206
ACH-000660,SUDHL5,Lymphoid,Non-Hodgkin Lymphoma,"Diffuse Large B-Cell Lymphoma, NOS",DLBCL,,,,-2.0162621711609554
ACH-001203,SUPHD1,Lymphoid,Hodgkin Lymphoma,Hodgkin Lymphoma,,,,-2.776878898227197,-0.4426590044645093
ACH-000226,SUPM2,Lymphoid,Non-Hodgkin Lymphoma,Anaplastic Large-Cell Lymphoma ALK Positive,T-cell ALCL,,,-2.8533669765041485,-1.169594226115492
ACH-000236,SW1417,Bowel,Colorectal Adenocarcinoma,Colon Adenocarcinoma,,,,-0.4880098378038634,
ACH-002310,SW872,Soft Tissue,Liposarcoma,Liposarcoma,,,,-2.4474836071668644,-0.1567275475878957
ACH-002200,SW962,Vulva/Vagina,Mucosal Melanoma of the Vulva/Vagina,Mucosal Melanoma of the Vulva/Vagina,,,,-3.4018512031029395,
ACH-001274,SW982,Soft Tissue,Synovial Sarcoma,Synovial Sarcoma,,,,-6.661809893505211,-1.3668494276693393
ACH-002311,TE12,Esophagus/Stomach,Esophageal Squamous Cell Carcinoma,Esophageal Squamous Cell Carcinoma,,,,-2.125621404120777,
ACH-002313,TK,Lymphoid,Non-Hodgkin Lymphoma,Mature B-Cell Neoplasms,B-cell,,,-1.5559744747657056,
ACH-001208,TK10,Kidney,Renal Cell Carcinoma,Renal Clear Cell Carcinoma,,,,-1.8764867694090144,
ACH-002202,TMK1,Esophagus/Stomach,Esophagogastric Adenocarcinoma,Stomach Adenocarcinoma,,,,-1.6762761444562932,
ACH-002314,TUR,Myeloid,Acute Myeloid Leukemia,Acute Monoblastic/Monocytic Leukemia,M5,,,-3.026642326994073,-2.166976523375761
ACH-001680,U698M,Lymphoid,B-Lymphoblastic Leukemia/Lymphoma,B-Lymphoblastic Leukemia/Lymphoma,Lymphoblastic Lymphoma,,,-2.4639408316529914,
ACH-000428,UO31,Kidney,Renal Cell Carcinoma,Renal Cell Carcinoma,,,,-0.2165008593171236,-1.0916165086293177
ACH-001227,UPCISCC090,Head and Neck,Head and Neck Squamous Cell Carcinoma,Oral Cavity Squamous Cell Carcinoma,Oral,,,-0.8607458852394474,
ACH-002316,WIL2NS,Myeloid,Hereditary Spherocytosis,Spherocytosis,,,,-5.04158048436625,
ACH-002205,WM1552C,Skin,Melanoma,Cutaneous Melanoma,,,,-0.8635744409344757,
ACH-002206,WM278,Skin,Melanoma,Melanoma,,,,-1.4498443549999604,
ACH-002207,WM35,Skin,Melanoma,Melanoma,,,,-2.199640050458084,
ACH-001709,WSUNHL,Lymphoid,Non-Hodgkin Lymphoma,"Diffuse Large B-Cell Lymphoma, NOS",B-cell,,,-1.3776292518413324,-1.9873877915203864
ACH-002262,KY821,Myeloid,Acute Myeloid Leukemia,Acute Myelomonocytic Leukemia,M4,,,,-0.0452630416948694
ACH-001306,8305C,Thyroid,Anaplastic Thyroid Cancer,Anaplastic Thyroid Cancer,,,,-2.625248634579372,
ACH-000456,BCPAP,Thyroid,Poorly Differentiated Thyroid Cancer,Poorly Differentiated Thyroid Cancer,Papillary,,,-3.5533397475750794,-0.3674986787477441
ACH-000191,BHT101,Thyroid,Anaplastic Thyroid Cancer,Anaplastic Thyroid Cancer,Papillary,,,-0.3361958314835289,
ACH-000995,JURKAT,Lymphoid,T-Lymphoblastic Leukemia/Lymphoma,T-Lymphoblastic Leukemia/Lymphoma,T-cell,,,,-1.9005006712131447
ACH-000918,MOLT16,Lymphoid,T-Lymphoblastic Leukemia/Lymphoma,T-Lymphoblastic Leukemia/Lymphoma,T-cell,,,,-1.882211279339088
ACH-000636,RPMI8402,Lymphoid,T-Lymphoblastic Leukemia/Lymphoma,T-Lymphoblastic Leukemia/Lymphoma,T-cell,,,-4.361727031211301,-0.0147210689040317
ACH-000372,P12ICHIKAWA,Lymphoid,T-Lymphoblastic Leukemia/Lymphoma,T-Lymphoblastic Leukemia/Lymphoma,T-cell,,,-4.045584938901974,
ACH-001023,CGTHW1,Head and Neck,Head and Neck Squamous Cell Carcinoma,Head and Neck Squamous Cell Carcinoma,Follicular,,,-3.652642524065346,
ACH-000802,BFTC905,Bladder/Urinary Tract,Bladder Urothelial Carcinoma,Bladder Urothelial Carcinoma,Bladder Transitional Cell,,,-5.600968123368472,-1.7933975455274282
ACH-000937,PF382,Lymphoid,T-Lymphoblastic Leukemia/Lymphoma,T-Lymphoblastic Leukemia/Lymphoma,T-cell,,,-3.4546930256992208,
ACH-000545,VMCUB1,Bladder/Urinary Tract,Bladder Urothelial Carcinoma,Bladder Urothelial Carcinoma,Bladder Transitional Cell,,,-2.7851205391681866,
ACH-000794,BICR22,Head and Neck,Head and Neck Squamous Cell Carcinoma,Oral Cavity Squamous Cell Carcinoma,Oral,,,,-1.1838020058090388
ACH-000228,BICR31,Head and Neck,Head and Neck Squamous Cell Carcinoma,Oral Cavity Squamous Cell Carcinoma,Oral,,,-3.369010792784887,
ACH-001332,BICR78,Head and Neck,Head and Neck Squamous Cell Carcinoma,Oral Cavity Squamous Cell Carcinoma,Oral,,,-1.5441699010845302,-1.2550540121999172
ACH-000896,647V,Bladder/Urinary Tract,Bladder Urothelial Carcinoma,Bladder Urothelial Carcinoma,,,,-4.4186139696925215,-3.4941482952864704
ACH-000473,RT112,Bladder/Urinary Tract,Bladder Urothelial Carcinoma,Bladder Urothelial Carcinoma,Bladder Transitional Cell,,,-4.807438817646681,
ACH-000566,SW1710,Bladder/Urinary Tract,Bladder Urothelial Carcinoma,Bladder Urothelial Carcinoma,Bladder Transitional Cell,,,-5.498331822598886,
ACH-000795,MOLT13,Lymphoid,T-Lymphoblastic Leukemia/Lymphoma,T-Lymphoblastic Leukemia/Lymphoma,T-cell,,,,-1.1592962994533738
ACH-000518,CAL33,Head and Neck,Head and Neck Squamous Cell Carcinoma,Oral Cavity Squamous Cell Carcinoma,Oral,,,-4.862416443160403,
ACH-000174,CAL62,Thyroid,Anaplastic Thyroid Cancer,Anaplastic Thyroid Cancer,Anaplastic,,,-3.819194359674776,
ACH-000101,KE37,Lymphoid,Non-Hodgkin Lymphoma,Adult T-Cell Leukemia/Lymphoma,T-cell,,,-5.120678504732107,-0.4048262235345977
ACH-000142,CAL29,Bladder/Urinary Tract,Bladder Urothelial Carcinoma,Bladder Urothelial Carcinoma,Bladder Transitional Cell,,,-2.739006457278918,-1.8615002305984067
ACH-000981,DND41,Lymphoid,T-Lymphoblastic Leukemia/Lymphoma,T-Lymphoblastic Leukemia/Lymphoma,,,,-3.5597230470293817,-0.0957911494490121
ACH-001350,HTCC3,Thyroid,Anaplastic Thyroid Cancer,Anaplastic Thyroid Cancer,Giant Cell,,,-0.3715858208459997,
ACH-000920,CMLT1,Myeloid,Myeloproliferative Neoplasms,Chronic Myelogenous Leukemia,Blast Crisis,,,,-1.5272113540693109
ACH-000704,OAW42,Ovary/Fallopian Tube,Ovarian Epithelial Tumor,Serous Ovarian Cancer,,,,-1.5066436010460675,-0.9352122176240764
ACH-000803,COLO668,Lung,Lung Neuroendocrine Tumor,Small Cell Lung Cancer,,,,-3.041758862719892,
ACH-000161,CORL105,Lung,Non-Small Cell Lung Cancer,Lung Adenocarcinoma,NSCLC Adenocarcinoma,,,-1.0053530129052335,
ACH-000662,CORL23,Lung,Non-Small Cell Lung Cancer,Large Cell Lung Carcinoma,NSCLC Large Cell,,,-4.47494446099605,
ACH-000657,A2780,Ovary/Fallopian Tube,Ovarian Epithelial Tumor,Endometrioid Ovarian Cancer,Endometrioid,,,-5.739927820977021,
ACH-000847,HGC27,Esophagus/Stomach,Esophagogastric Adenocarcinoma,Stomach Adenocarcinoma,,,,-6.40726508921688,-2.545649785401274
ACH-000320,PSN1,Pancreas,Pancreatic Adenocarcinoma,Pancreatic Adenocarcinoma,Exocrine Adenocarcinoma,,,-5.679203097115559,
ACH-000903,FTC133,Thyroid,Well-Differentiated Thyroid Cancer,Follicular Thyroid Cancer,Anaplastic,,,-1.7727223239162142,
ACH-000749,DMS273,Lung,Lung Neuroendocrine Tumor,Small Cell Lung Cancer,,,,-4.109079682494301,
ACH-001345,GP5D,Bowel,Colorectal Adenocarcinoma,Colon Adenocarcinoma,,,,-2.775191862559552,
ACH-000257,CORL279,Lung,Lung Neuroendocrine Tumor,Small Cell Lung Cancer,,,,-3.5287544875896315,
ACH-000867,CHAGOK1,Lung,Non-Small Cell Lung Cancer,Non-Small Cell Lung Cancer,,,,-2.414969786060248,
ACH-000619,PECAPJ15,Head and Neck,Head and Neck Squamous Cell Carcinoma,Oral Cavity Squamous Cell Carcinoma,Oral,,,-1.3433584861196193,-0.9053471868026411
ACH-000935,MDST8,Bowel,Colorectal Adenocarcinoma,Colon Adenocarcinoma,,,,-1.236186541962517,
ACH-000213,HUPT4,Pancreas,Pancreatic Adenocarcinoma,Pancreatic Adenocarcinoma,Exocrine Adenocarcinoma,,,-3.2164589238904155,
ACH-000004,HEL,Myeloid,Acute Myeloid Leukemia,Acute Myeloid Leukemia,M6,,,-2.0129732265218627,-2.0967799923233863
ACH-000006,MONOMAC6,Myeloid,Acute Myeloid Leukemia,Acute Monoblastic/Monocytic Leukemia,M5,,,-2.3815930803752754,-2.744020047828611
ACH-000614,RVH421,Skin,Melanoma,Melanoma,,,,-1.08780839963064,
ACH-000938,NALM6,Lymphoid,B-Lymphoblastic Leukemia/Lymphoma,B-Lymphoblastic Leukemia/Lymphoma,B-cell,,,-5.22304876435626,
ACH-000295,EM2,Myeloid,Myeloproliferative Neoplasms,"Chronic Myeloid Leukemia, BCR-ABL1+",Blast Crisis,,,-1.4807667009663288,-3.3360765653006945
ACH-000810,SKMEL30,Skin,Melanoma,Cutaneous Melanoma,,,,-3.640764241574594,
ACH-000078,MHHNB11,Peripheral Nervous System,Neuroblastoma,Neuroblastoma,,MYCN Amp,,-3.036637640063572,
ACH-000023,PATU8988T,Pancreas,Pancreatic Adenocarcinoma,Pancreatic Adenocarcinoma,Exocrine Adenocarcinoma,,,-3.318917372395535,-0.2734563360542255
ACH-000099,SIMA,Peripheral Nervous System,Neuroblastoma,Neuroblastoma,,,,-0.7650797207654794,
ACH-000391,MHHES1,Bone,Ewing Sarcoma,Ewing Sarcoma,,EWS_FLI,,-4.960666444287068,-2.564288915372978
ACH-000301,LAMA84,Myeloid,Myeloproliferative Neoplasms,Chronic Myelogenous Leukemia,Blast Crisis,,,-0.3833837646084857,
ACH-000346,JVM3,Lymphoid,Non-Hodgkin Lymphoma,B-Cell Prolymphocytic Leukemia,B-cell,,,,-2.193433315802686
ACH-000717,COLO680N,Esophagus/Stomach,Esophageal Squamous Cell Carcinoma,Esophageal Squamous Cell Carcinoma,,,,-3.5396090101652367,
ACH-000936,EFO27,Ovary/Fallopian Tube,Ovarian Epithelial Tumor,Mucinous Ovarian Cancer,Endometrioid,,,-2.612940567514923,
ACH-000350,COLO678,Bowel,Colorectal Adenocarcinoma,Colon Adenocarcinoma,,,,-0.7526951958864919,
ACH-000432,BV173,Myeloid,Myeloproliferative Neoplasms,Chronic Myelogenous Leukemia,Blast Crisis,,,-2.1621405106279625,-2.0098930224384386
ACH-000948,2313287,Esophagus/Stomach,Esophagogastric Adenocarcinoma,Stomach Adenocarcinoma,,,,-5.160044541964166,
ACH-000294,NB4,Myeloid,Acute Myeloid Leukemia,Acute Myeloid Leukemia,M3,,,-3.6992152122473807,-2.7496345596757026
ACH-000882,IGR1,Skin,Melanoma,Melanoma,,,,-3.824681746740521,
ACH-000650,IGR37,Skin,Melanoma,Melanoma,,,,-3.0092766437571186,
ACH-000098,GAMG,CNS/Brain,Diffuse Glioma,Glioblastoma,Glioblastoma,,,-3.4137981991159485,-0.4574414904311295
ACH-000113,OCIAML2,Myeloid,Acute Myeloid Leukemia,Acute Myeloid Leukemia,M4,,,-3.953235059687748,-2.3942151489762007
ACH-000065,OCIAML5,Myeloid,Acute Myeloid Leukemia,Acute Myeloid Leukemia,,,,-2.7973987541049445,-1.3335646701128216
ACH-000915,IPC298,Skin,Melanoma,Cutaneous Melanoma,,,,-3.293049218602254,
ACH-000117,EFM192A,Breast,Invasive Breast Carcinoma,Invasive Breast Carcinoma,ERpos HER2pos,HER2 Amp,,-4.9410682417431255,
ACH-000118,HUPT3,Pancreas,Pancreatic Adenocarcinoma,Pancreatic Adenocarcinoma,Exocrine Adenocarcinoma,,,-1.4224088947289206,
ACH-000805,COLO679,Skin,Melanoma,Cutaneous Melanoma,,,,-5.084709388573108,-0.6910792751166178
ACH-000787,LXF289,Lung,Non-Small Cell Lung Cancer,Lung Adenocarcinoma,NSCLC Adenocarcinoma,,,-5.038455501341355,
ACH-000856,CAL51,Breast,Invasive Breast Carcinoma,Invasive Breast Carcinoma,ERneg HER2neg,Basal B,,-5.115000716398937,-1.363343617683222
ACH-000315,KARPAS422,Lymphoid,Non-Hodgkin Lymphoma,"Diffuse Large B-Cell Lymphoma, NOS",DLBCL,,,-1.876291982489894,
ACH-000330,EFM19,Breast,Invasive Breast Carcinoma,Breast Invasive Ductal Carcinoma,ERpos HER2neg,Luminal,,-1.1033903668437277,
ACH-001650,SISO,Cervix,Cervical Adenocarcinoma,Cervical Adenocarcinoma,,,,-3.514127280354181,-2.5060133629058163
ACH-000233,DEL,Lymphoid,Non-Hodgkin Lymphoma,Anaplastic Large-Cell Lymphoma ALK Positive,T-cell ALCL,,,-4.171973839390144,-2.115501196485682
ACH-000073,GRANTA519,Lymphoid,Non-Hodgkin Lymphoma,Mantle Cell Lymphoma,B-cell Mantle Cell,,,-2.1869145444418843,
ACH-000190,HDMYZ,Myeloid,Acute Myeloid Leukemia,Acute Myeloid Leukemia,,,,-1.7001971991088205,-2.1620123130651425
ACH-000823,KYSE140,Esophagus/Stomach,Esophageal Squamous Cell Carcinoma,Esophageal Squamous Cell Carcinoma,,,,-3.3654675351002363,
ACH-000259,KELLY,Peripheral Nervous System,Neuroblastoma,Neuroblastoma,,MYCN Amp,,,-0.7272831892189418
ACH-000784,KYSE70,Esophagus/Stomach,Esophageal Squamous Cell Carcinoma,Esophageal Squamous Cell Carcinoma,,,,-1.0658421135466416,
ACH-000457,CAL54,Kidney,Renal Cell Carcinoma,Renal Cell Carcinoma,,,,-0.9915098875950068,
ACH-000792,BFTC909,Kidney,Renal Cell Carcinoma,Renal Cell Carcinoma,Transitional Cell,,,-2.3872397050299936,-1.0283740078147137
ACH-000338,SR786,Lymphoid,Non-Hodgkin Lymphoma,Anaplastic Large-Cell Lymphoma ALK Positive,T-cell ALCL,,,,-1.6770257732376164
ACH-000824,KYSE510,Esophagus/Stomach,Esophageal Squamous Cell Carcinoma,Esophageal Squamous Cell Carcinoma,,,,-5.577883262347688,-1.861508110553676
ACH-000855,KYSE150,Esophagus/Stomach,Esophageal Squamous Cell Carcinoma,Esophageal Squamous Cell Carcinoma,,,,-5.28216126555296,
ACH-000693,KYSE180,Esophagus/Stomach,Esophageal Squamous Cell Carcinoma,Esophageal Squamous Cell Carcinoma,,,,-3.625177622940002,
ACH-000873,KYSE270,Esophagus/Stomach,Esophageal Squamous Cell Carcinoma,Esophageal Squamous Cell Carcinoma,,,,-6.343428310197456,-3.1373444007225166
ACH-000809,KYSE410,Esophagus/Stomach,Esophageal Squamous Cell Carcinoma,Esophageal Squamous Cell Carcinoma,,,,-2.2637976493842653,
ACH-000627,LCLC103H,Lung,Non-Small Cell Lung Cancer,Large Cell Lung Carcinoma,NSCLC Large Cell,,,-3.7311802046277873,
ACH-000198,EOL1,Myeloid,Myeloproliferative Neoplasms,"Chronic Eosinophilic Leukemia, NOS",M5,,,-4.4470009523666505,
ACH-000865,KYSE450,Esophagus/Stomach,Esophageal Squamous Cell Carcinoma,Esophageal Squamous Cell Carcinoma,,,,-4.208713201299794,-0.7589143300101506
ACH-000548,BHY,Head and Neck,Head and Neck Squamous Cell Carcinoma,Oral Cavity Squamous Cell Carcinoma,Oral,,,-4.625482783445436,
ACH-000879,MFE296,Uterus,Endometrial Carcinoma,Endometrial Carcinoma,,,,-3.2701051092816025,-1.717431555818021
ACH-000070,697,Lymphoid,B-Lymphoblastic Leukemia/Lymphoma,B-Lymphoblastic Leukemia/Lymphoma,B-cell,,,-5.190051447978494,-0.0871460442488471
ACH-000988,MFE319,Uterus,Endometrial Carcinoma,Uterine Adenosquamous Carcinoma,,,,-3.156744806391365,
ACH-000323,42MGBA,CNS/Brain,Diffuse Glioma,Glioblastoma,Astrocytoma,,,-1.3728941704790611,-1.6327004262658469
ACH-000137,8MGBA,CNS/Brain,Diffuse Glioma,Glioblastoma,Astrocytoma,,,-4.799843090891722,-1.241096644007006
ACH-000826,CAL12T,Lung,Non-Small Cell Lung Cancer,Non-Small Cell Lung Cancer,,,,-4.2692603943401215,
ACH-000516,CAL78,Bone,Chondrosarcoma,Dedifferentiated Chondrosarcoma,,,,0.0248086065321655,
ACH-000902,CAL148,Breast,Invasive Breast Carcinoma,Breast Invasive Ductal Carcinoma,ERneg HER2neg,Luminal HER2 Amp,,-4.485745609904744,
ACH-000913,ESS1,Uterus,Uterine Sarcoma/Mesenchymal,Endometrial Stromal Sarcoma,,,,-6.115776740171242,
ACH-000056,DOHH2,Lymphoid,Non-Hodgkin Lymphoma,"Diffuse Large B-Cell Lymphoma, NOS",DLBCL,,,-5.0308849401538485,
ACH-000183,L363,Lymphoid,Non-Hodgkin Lymphoma,Plasma Cell Myeloma,,,,-1.1070092903684867,-1.1350513270563003
ACH-000878,HCC15,Lung,Non-Small Cell Lung Cancer,Lung Squamous Cell Carcinoma,NSCLC Squamous,,,-0.9565266001370064,
ACH-000716,TT2609C02,Thyroid,Well-Differentiated Thyroid Cancer,Follicular Thyroid Cancer,Follicular,,,-5.087595131108374,
ACH-000105,ALLSIL,Lymphoid,T-Lymphoblastic Leukemia/Lymphoma,T-Lymphoblastic Leukemia/Lymphoma,T-cell,,,-3.804804797296352,-0.3493630807997444
ACH-000424,TC71,Bone,Ewing Sarcoma,Ewing Sarcoma,,,,,-0.6052531759828238
ACH-000983,KCL22,Myeloid,Myeloproliferative Neoplasms,Chronic Myelogenous Leukemia,Blast Crisis,,,-1.6343585338439646,-1.1940986393164248
ACH-000124,OCILY19,Lymphoid,Non-Hodgkin Lymphoma,"Diffuse Large B-Cell Lymphoma, NOS",DLBCL,,,-6.830848852365298,
ACH-000751,OCIM1,Myeloid,Acute Myeloid Leukemia,Acute Myeloid Leukemia,M6,,,-2.3838905186412465,-0.9602751212702524
ACH-000326,JURLMK1,Myeloid,Myeloproliferative Neoplasms,Chronic Myelogenous Leukemia,Blast Crisis,,,-2.100345645730045,-0.4387915658729096
ACH-000667,HCC44,Lung,Non-Small Cell Lung Cancer,Lung Adenocarcinoma,NSCLC Adenocarcinoma,,,-4.0790269326782,-2.9236000548571472
ACH-000838,AMO1,Lymphoid,Non-Hodgkin Lymphoma,Plasma Cell Myeloma,Plasmacytoma,,,-1.7239608656209648,
ACH-000218,PL21,Myeloid,Acute Myeloid Leukemia,Acute Myeloid Leukemia,M3,,,-0.1370963869286052,
ACH-000653,JJN3,Lymphoid,Non-Hodgkin Lymphoma,Plasma Cell Myeloma,,,,-0.8336463511435741,
ACH-000922,RCHACV,Lymphoid,B-Lymphoblastic Leukemia/Lymphoma,B-Lymphoblastic Leukemia/Lymphoma,B-cell,,,,-0.6551495519505518
ACH-000380,KMS12BM,Lymphoid,Non-Hodgkin Lymphoma,Plasma Cell Myeloma,,,,-1.2181842124956122,
ACH-001106,KOPN8,Lymphoid,B-Lymphoblastic Leukemia/Lymphoma,B-Lymphoblastic Leukemia/Lymphoma,B-cell,,,-4.0822574749207465,
ACH-000362,MOLM13,Myeloid,Acute Myeloid Leukemia,Acute Myeloid Leukemia,,,,-3.651104866263103,
ACH-000562,HCC78,Lung,Non-Small Cell Lung Cancer,Lung Adenocarcinoma,NSCLC Adenocarcinoma,,,-3.9457235563992574,-2.9560480344431186
ACH-000978,EN,Uterus,Endometrial Carcinoma,Endometrial Carcinoma,,,,-1.4441272769681357,
ACH-000656,SUDHL8,Lymphoid,Non-Hodgkin Lymphoma,"Diffuse Large B-Cell Lymphoma, NOS",DLBCL,,,-4.917266196460028,-0.2288785176464145
ACH-000534,WSUDLCL2,Lymphoid,Non-Hodgkin Lymphoma,"Diffuse Large B-Cell Lymphoma, NOS",DLBCL,,,-2.93032894706278,
ACH-000336,OCIAML3,Myeloid,Acute Myeloid Leukemia,Acute Myeloid Leukemia,M4,,,-1.3639534544800591,
ACH-001703,VAL,Lymphoid,Non-Hodgkin Lymphoma,"Diffuse Large B-Cell Lymphoma, NOS",DLBCL,,,-1.8982545593258533,
ACH-000100,RH41,Soft Tissue,Rhabdomyosarcoma,Alveolar Rhabdomyosarcoma,Alveolar,,,-1.200293906760147,
ACH-000450,MELHO,Skin,Melanoma,Melanoma,,,,,-1.9942454665242293
ACH-001344,GIMEN,Peripheral Nervous System,Neuroblastoma,Neuroblastoma,,,,-1.8250849318829467,-1.8680622569541785
ACH-000881,MELJUSO,Skin,Melanoma,Cutaneous Melanoma,,,,-5.382793551401401,
ACH-000815,KMH2,Lymphoid,Hodgkin Lymphoma,Hodgkin Lymphoma,,,,-2.48865791197574,
ACH-002392,SC1,Lymphoid,Non-Hodgkin Lymphoma,Follicular Lymphoma,B-cell Follicular,,,-1.5354027018299283,
ACH-000821,EJM,Lymphoid,Non-Hodgkin Lymphoma,Plasma Cell Myeloma,,,,-0.4965068378891331,
ACH-000425,UACC62,Skin,Melanoma,Melanoma,,,,-0.989200242029402,
ACH-000376,SF295,CNS/Brain,Diffuse Glioma,Glioblastoma,Glioblastoma,,,-4.480419620335912,
ACH-001401,SW13,Adrenal Gland,Adrenocortical Carcinoma,Adrenocortical Carcinoma,,,,-2.4416501082662925,
ACH-000054,HT1080,Soft Tissue,Fibrosarcoma,Fibrosarcoma,,,,-5.576278333667228,-3.778391938908618
ACH-000207,DETROIT562,Head and Neck,Head and Neck Squamous Cell Carcinoma,Oropharynx Squamous Cell Carcinoma,Pharynx,,,-1.6399386544809031,-0.7562816612192903
ACH-000786,DAUDI,Lymphoid,Non-Hodgkin Lymphoma,Burkitt Lymphoma,B-cell Burkitt,,,-3.1989931240653973,
ACH-000651,SW620,Bowel,Colorectal Adenocarcinoma,Colon Adenocarcinoma,,,,-4.867682811422613,
ACH-000950,LOVO,Bowel,Colorectal Adenocarcinoma,Colon Adenocarcinoma,,MSI,,-2.4965700078694986,
ACH-000958,SW48,Bowel,Colorectal Adenocarcinoma,Colon Adenocarcinoma,,MSI,,-3.376015954442756,
ACH-000421,SW837,Bowel,Colorectal Adenocarcinoma,Rectal Adenocarcinoma,,,,-1.0362912077645945,
ACH-000002,HL60,Myeloid,Acute Myeloid Leukemia,Acute Myeloid Leukemia,M3,,,-3.121457158161933,-0.2553846753853976
ACH-000551,K562,Myeloid,Myeloproliferative Neoplasms,"Chronic Myeloid Leukemia, BCR-ABL1+",Blast Crisis,,,-0.7648597795548867,
ACH-000386,KG1,Myeloid,Acute Myeloid Leukemia,Acute Myeloid Leukemia,,,,-0.8442029740059991,
ACH-000971,HCT116,Bowel,Colorectal Adenocarcinoma,Colon Adenocarcinoma,,MSI,,-1.2835393060963007,
ACH-000381,T84,Bowel,Colorectal Adenocarcinoma,Colon Adenocarcinoma,,,,-2.712750443190332,
ACH-000403,NCIH747,Bowel,Colorectal Adenocarcinoma,Colon Adenocarcinoma,,,,-1.5570931929117875,
ACH-000501,LS123,Bowel,Colorectal Adenocarcinoma,Colon Adenocarcinoma,,,,-3.148845569589912,
ACH-001385,RPMI2650,Head and Neck,Head and Neck Squamous Cell Carcinoma,Head and Neck Squamous Cell Carcinoma,,,,-5.423286513647122,
ACH-002252,JIYOYEP2003,Lymphoid,Non-Hodgkin Lymphoma,Burkitt Lymphoma,B-cell Burkitt,,,-2.3687570678806207,-1.5812164275917755
ACH-000169,RD,Soft Tissue,Rhabdomyosarcoma,Embryonal Rhabdomyosarcoma,Embryonal,,,-1.628820242175666,
ACH-000151,JM1,Lymphoid,B-Lymphoblastic Leukemia/Lymphoma,B-Lymphoblastic Leukemia/Lymphoma,B-cell,,,-4.045716645132264,-1.0397135315205974
ACH-000957,LS180,Bowel,Colorectal Adenocarcinoma,Colon Adenocarcinoma,,MSI,,-4.681510714454365,
ACH-000329,CCFSTTG1,CNS/Brain,Diffuse Glioma,Astrocytoma,Astrocytoma,,,-2.0630157766598898,
ACH-000352,HCC1428,Breast,Invasive Breast Carcinoma,Invasive Breast Carcinoma,ERpos HER2neg,Luminal,,-0.7054256371796155,
ACH-000414,NCIH1944,Lung,Non-Small Cell Lung Cancer,Lung Adenocarcinoma,NSCLC Adenocarcinoma,,,-2.0397388367863862,
ACH-000359,MG63,Bone,Osteosarcoma,Osteosarcoma,,,,-1.3812634536666322,
ACH-001402,SW756,Cervix,Cervical Squamous Cell Carcinoma,Cervical Squamous Cell Carcinoma,,,,-1.7284533370570934,
ACH-000788,A2058,Skin,Melanoma,Melanoma,,,,-5.011412389755474,
ACH-000885,TOV21G,Ovary/Fallopian Tube,Ovarian Epithelial Tumor,Clear Cell Ovarian Cancer,Clear Cell,,,-0.4476147620410812,
ACH-000048,TOV112D,Ovary/Fallopian Tube,Ovarian Epithelial Tumor,Endometrioid Ovarian Cancer,Endometrioid,,,-5.590439547783418,
ACH-000291,OV90,Ovary/Fallopian Tube,Ovarian Epithelial Tumor,Serous Ovarian Cancer,High Grade Serous,,,-1.8289466159560568,
ACH-000601,MIAPACA2,Pancreas,Pancreatic Adenocarcinoma,Pancreatic Adenocarcinoma,Exocrine Adenocarcinoma,,,-4.22939500235863,
ACH-000572,G361,Skin,Melanoma,Melanoma,,,,-4.139995927856091,
ACH-000375,G402,Kidney,Renal Cell Carcinoma,Renal Cell Carcinoma,,,,-2.1313041554601178,-0.6866967966819936
ACH-000096,G401,Kidney,Rhabdoid Cancer,Rhabdoid Cancer,,,,-3.715325287395244,
ACH-000547,HT1197,Bladder/Urinary Tract,Bladder Urothelial Carcinoma,Bladder Urothelial Carcinoma,,,,-1.7423482851149137,
ACH-000613,HOS,Bone,Osteosarcoma,Osteosarcoma,,,,-4.96737802188494,-1.8488495589520868
ACH-001336,CASKI,Cervix,Cervical Squamous Cell Carcinoma,Cervical Squamous Cell Carcinoma,,,,-3.5401948703085613,
ACH-001328,A431,Skin,Cutaneous Squamous Cell Carcinoma,Cutaneous Squamous Cell Carcinoma,,,,-4.861300172629272,-0.0382021577088612
ACH-001374,PA1,Ovary/Fallopian Tube,Ovarian Germ Cell Tumor,Mixed Germ Cell Tumor,,,,-6.557384909122745,
ACH-001334,C4I,Cervix,Cervical Squamous Cell Carcinoma,Cervical Squamous Cell Carcinoma,,,,-2.8956297353840545,
ACH-000052,A673,Bone,Ewing Sarcoma,Ewing Sarcoma,,EWS_FLI,,-1.609411343705051,-2.4011043079575063
ACH-000046,ACHN,Kidney,Renal Cell Carcinoma,Papillary Renal Cell Carcinoma,,,,-3.811866789358868,-0.0170064060358788
ACH-000219,A375,Skin,Melanoma,Melanoma,,,,-4.722218346829641,-1.985404180062087
ACH-000558,A172,CNS/Brain,Diffuse Glioma,Glioblastoma,Glioblastoma,,,-2.824596458439666,-2.092982498825961
ACH-000188,SCC25,Head and Neck,Head and Neck Squamous Cell Carcinoma,Oral Cavity Squamous Cell Carcinoma,,,,-1.6760776661530823,
ACH-000567,ST486,Lymphoid,Non-Hodgkin Lymphoma,Burkitt Lymphoma,B-cell Burkitt,,,-5.516376675059936,
ACH-000440,CA46,Lymphoid,Non-Hodgkin Lymphoma,Burkitt Lymphoma,B-cell Burkitt,,,-2.2645771507270984,
ACH-000583,MC116,Lymphoid,Non-Hodgkin Lymphoma,Mature B-Cell Neoplasms,B-cell,,,-0.8205749472696723,
ACH-000535,BXPC3,Pancreas,Pancreatic Adenocarcinoma,Pancreatic Adenocarcinoma,Exocrine Adenocarcinoma,,,-1.5200322347087931,
ACH-000880,AGS,Esophagus/Stomach,Esophagogastric Adenocarcinoma,Stomach Adenocarcinoma,,,,-5.312812699368084,
ACH-000977,LNCAPCLONEFGC,Prostate,Prostate Adenocarcinoma,Prostate Adenocarcinoma,,,,-1.4785382134361709,
ACH-000522,UMUC3,Bladder/Urinary Tract,Bladder Urothelial Carcinoma,Bladder Urothelial Carcinoma,Bladder Transitional Cell,,,-2.977545412915472,-2.8155027958430936
ACH-000114,SU8686,Pancreas,Pancreatic Adenocarcinoma,Pancreatic Adenocarcinoma,Exocrine Adenocarcinoma,,,-0.9690653530778928,
ACH-001075,NCIH292,Lung,Non-Small Cell Lung Cancer,Mucoepidermoid Carcinoma of the Lung,NSCLC Mucoepidermoid,,,-3.2767311127677257,
ACH-000554,UACC893,Breast,Invasive Breast Carcinoma,Breast Invasive Lobular Carcinoma,ERneg HER2pos,HER2 Amp,,-0.7109474677218955,
ACH-000138,CFPAC1,Pancreas,Pancreatic Adenocarcinoma,Pancreatic Adenocarcinoma,Exocrine Adenocarcinoma,,,-2.604638363619254,
ACH-002300,RAMOS2G64C10,Lymphoid,Non-Hodgkin Lymphoma,Burkitt Lymphoma,B-cell Burkitt,,,-1.2924447455359125,
ACH-000059,SUPB15,Lymphoid,B-Lymphoblastic Leukemia/Lymphoma,B-Lymphoblastic Leukemia/Lymphoma with t(9;22)(q34.1;q11.2);BCR-ABL1,B-cell,,,-6.347428392452852,
ACH-000649,786O,Kidney,Renal Cell Carcinoma,Renal Clear Cell Carcinoma,Clear Cell,,,-6.2996379368291295,-0.606480512897812
ACH-000411,769P,Kidney,Renal Cell Carcinoma,Renal Clear Cell Carcinoma,Clear Cell,,,-4.116695416072138,
ACH-000953,SUPT1,Lymphoid,T-Lymphoblastic Leukemia/Lymphoma,T-Lymphoblastic Leukemia/Lymphoma,T-cell,,,-3.048613635374973,
ACH-002291,NTERA2CLD1,Testis,Non-Seminomatous Germ Cell Tumor,Embryonal Carcinoma,,,,-7.248253565334432,
ACH-000401,COLO800,Skin,Melanoma,Cutaneous Melanoma,,,,-2.5618674115911486,-3.479719803672088
ACH-000449,MESSA,Uterus,Uterine Sarcoma/Mesenchymal,Uterine Sarcoma/Mesenchymal,,,,-2.3256678225224,
ACH-000906,ES2,Ovary/Fallopian Tube,Ovarian Epithelial Tumor,Clear Cell Ovarian Cancer,Clear Cell,,,-0.3073382625531829,
ACH-000094,HPAFII,Pancreas,Pancreatic Adenocarcinoma,Pancreatic Adenocarcinoma,Exocrine Adenocarcinoma,,,-0.1794877905096225,
ACH-000863,DBTRG05MG,CNS/Brain,Diffuse Glioma,Glioblastoma,Glioblastoma,,,-2.510726935142175,
ACH-000072,MEG01,Myeloid,Myeloproliferative Neoplasms,"Chronic Myeloid Leukemia, BCR-ABL1+",,,,-2.0101179948073766,
ACH-001711,PFSK1,CNS/Brain,Embryonal Tumor,Primitive Neuroectodermal Tumor,,,,-0.9807698241240194,
ACH-000530,DMS114,Lung,Lung Neuroendocrine Tumor,Small Cell Lung Cancer,,,,-0.6796441238364721,
ACH-000832,CAL27,Head and Neck,Head and Neck Squamous Cell Carcinoma,Oral Cavity Squamous Cell Carcinoma,,,,-5.536553118060894,
ACH-000748,SJSA1,Bone,Osteosarcoma,Osteosarcoma,,,,-1.9914179208333909,
ACH-000074,KU812,Myeloid,Myeloproliferative Neoplasms,Chronic Myelogenous Leukemia,Blast Crisis,,,-3.5286216582929533,
ACH-000061,HH,Lymphoid,Non-Hodgkin Lymphoma,Mature T and NK Neoplasms,T-cell Cutaneous,,,-1.3289240879384123,
ACH-000270,HPAC,Pancreas,Pancreatic Adenocarcinoma,Pancreatic Adenocarcinoma,Exocrine Adenocarcinoma,,,-2.8808229979341684,
ACH-001702,VAESBJ,Soft Tissue,Epithelioid Sarcoma,Epithelioid Sarcoma,,,,-4.022396208609229,-3.753551301303504
ACH-000252,LS1034,Bowel,Colorectal Adenocarcinoma,Colon Adenocarcinoma,,,,-2.4409020573325755,
ACH-000985,LS411N,Bowel,Colorectal Adenocarcinoma,Colon Adenocarcinoma,,MSI,,-3.4182752308059543,
ACH-000384,SW780,Bladder/Urinary Tract,Bladder Urothelial Carcinoma,Bladder Urothelial Carcinoma,Bladder Transitional Cell,,,,-0.3753982706726303
ACH-000677,SW1573,Lung,Non-Small Cell Lung Cancer,Lung Adenocarcinoma,NSCLC Adenocarcinoma,,,-2.9364377023442487,
ACH-000155,SW1990,Pancreas,Pancreatic Adenocarcinoma,Pancreatic Adenocarcinoma,Exocrine Adenocarcinoma,,,-1.8618212269658223,
ACH-000890,SW1271,Lung,Lung Neuroendocrine Tumor,Small Cell Lung Cancer,,,,-3.1926174588549947,
ACH-002214,BC1,Lymphoid,Non-Hodgkin Lymphoma,Primary Effusion Lymphoma,B-cell Primary Effusion,,,-2.795460571184906,-1.660312603320622
ACH-000221,SNU398,Liver,Hepatocellular Carcinoma,Hepatocellular Carcinoma,,,,-2.1115772903630057,
ACH-000420,SNU449,Liver,Hepatocellular Carcinoma,Hepatocellular Carcinoma,,,,-0.0391386777407879,
ACH-000483,SNU182,Liver,Hepatocellular Carcinoma,Hepatocellular Carcinoma,,,,-3.1954157072486287,
ACH-000478,SNU387,Liver,Hepatocellular Carcinoma,Hepatocellular Carcinoma,,,,-1.047407566748268,
ACH-000493,SNU423,Liver,Hepatocellular Carcinoma,Hepatocellular Carcinoma,,,,-1.9737540437075416,
ACH-000914,HT,Lymphoid,Non-Hodgkin Lymphoma,"Diffuse Large B-Cell Lymphoma, NOS",B-cell,,,-0.9042772905079032,
ACH-000120,CHP212,Peripheral Nervous System,Neuroblastoma,Neuroblastoma,,MYCN Amp,,-4.254771098642678,
ACH-002215,BC3,Lymphoid,Non-Hodgkin Lymphoma,Primary Effusion Lymphoma,B-cell Primary Effusion,,,-1.718994712731064,
ACH-000334,DB,Lymphoid,Non-Hodgkin Lymphoma,"Diffuse Large B-Cell Lymphoma, NOS",DLBCL,,,-1.8696590481045552,
ACH-000276,HCC38,Breast,Invasive Breast Carcinoma,Breast Invasive Ductal Carcinoma,ERneg HER2neg,Basal A,,-4.048545136705522,
ACH-000111,HCC1187,Breast,Invasive Breast Carcinoma,Breast Invasive Ductal Carcinoma,ERneg HER2neg,Basal A,,-0.3483528103905224,-0.4997879442726471
ACH-000277,HCC1419,Breast,Invasive Breast Carcinoma,Breast Invasive Ductal Carcinoma,ERpos HER2pos,HER2 Amp,,-0.5007576030561878,
ACH-000349,HCC1500,Breast,Breast Ductal Carcinoma In Situ,Breast Ductal Carcinoma In Situ,ERpos HER2neg,Luminal,,-1.3772145476200912,
ACH-000930,HCC1569,Breast,Invasive Breast Carcinoma,Breast Invasive Ductal Carcinoma,ERneg HER2pos,Basal A,,-2.5777860074325942,-2.1842199327235705
ACH-000196,HCC1599,Breast,Invasive Breast Carcinoma,Breast Invasive Ductal Carcinoma,ERneg HER2neg,Basal A,,-3.640448693286237,
ACH-000624,HCC1806,Breast,Breast Ductal Carcinoma In Situ,Breast Ductal Carcinoma In Situ,ERneg HER2neg,Basal A,,-3.0526130132454448,-4.662816866259902
ACH-000223,HCC1937,Breast,Invasive Breast Carcinoma,Breast Invasive Ductal Carcinoma,ERneg HER2neg,Basal A,,-2.2054974929957383,
ACH-000859,HCC1954,Breast,Breast Ductal Carcinoma In Situ,Breast Ductal Carcinoma In Situ,ERneg HER2pos,Basal A,,-0.7738002777842201,
ACH-000691,HCC2157,Breast,Invasive Breast Carcinoma,Breast Invasive Ductal Carcinoma,ERneg HER2neg,Basal A,,-2.3559314167070924,
ACH-000248,AU565,Breast,Invasive Breast Carcinoma,Invasive Breast Carcinoma,ERneg HER2pos,HER2 Amp,,-2.5736168330378986,
ACH-000956,22RV1,Prostate,Prostate Adenocarcinoma,Prostate Adenocarcinoma,,,,-4.403466398173919,
ACH-000060,PANC1005,Pancreas,Pancreatic Adenocarcinoma,Pancreatic Adenocarcinoma,Exocrine Adenocarcinoma,,,-2.678291212638292,
ACH-000139,PANC0327,Pancreas,Pancreatic Adenocarcinoma,Pancreatic Adenocarcinoma,Exocrine Adenocarcinoma,,,-4.138945463026834,-1.713001245411877
ACH-000417,PANC0813,Pancreas,Pancreatic Adenocarcinoma,Pancreatic Adenocarcinoma,Exocrine Adenocarcinoma,,,-0.4000580319071837,
ACH-000042,PANC0203,Pancreas,Pancreatic Adenocarcinoma,Pancreatic Adenocarcinoma,Exocrine Adenocarcinoma,,,-1.305366992369719,
ACH-000943,RKO,Bowel,Colorectal Adenocarcinoma,Colon Adenocarcinoma,,MSI,,-4.695058476129857,-2.7067158918130017
ACH-000819,LN18,CNS/Brain,Diffuse Glioma,Glioblastoma,Glioblastoma,,,-2.873569985581924,
ACH-000595,LN229,CNS/Brain,Diffuse Glioma,Glioblastoma,Glioblastoma,,,-1.3875725367917735,-1.02358226849254
ACH-000081,GDM1,Myeloid,Acute Myeloid Leukemia,Acute Myeloid Leukemia,,,,-1.8504507946825035,
ACH-000104,LOUCY,Lymphoid,Non-Hodgkin Lymphoma,Adult T-Cell Leukemia/Lymphoma,T-cell,,,-4.580403053275538,
ACH-001498,FARAGE,Lymphoid,Non-Hodgkin Lymphoma,Germinal Center B-Cell Type,B-cell,,,-4.959268759086664,
ACH-000263,KASUMI1,Myeloid,Acute Myeloid Leukemia,Acute Myeloid Leukemia,M2,,,,-0.6464524264399338
ACH-000012,HCC827,Lung,Non-Small Cell Lung Cancer,Lung Adenocarcinoma,NSCLC Adenocarcinoma,,,-0.7802314109198941,
ACH-000115,VCAP,Prostate,Prostate Adenocarcinoma,Prostate Adenocarcinoma,,,,-1.4095884553609568,
ACH-000664,SUDHL1,Lymphoid,Non-Hodgkin Lymphoma,Anaplastic Large-Cell Lymphoma ALK Positive,T-cell ALCL,,,-3.651825778072764,
ACH-000365,SUDHL4,Lymphoid,Non-Hodgkin Lymphoma,"Diffuse Large B-Cell Lymphoma, NOS",DLBCL,,,-1.5729279724333292,
ACH-000611,SUDHL6,Lymphoid,Non-Hodgkin Lymphoma,"Diffuse Large B-Cell Lymphoma, NOS",DLBCL,,,-2.693572114520121,
ACH-000287,NUDUL1,Lymphoid,Non-Hodgkin Lymphoma,Activated B-cell Type,DLBCL,,,-4.302222773199442,
ACH-000900,NCIH23,Lung,Non-Small Cell Lung Cancer,Lung Adenocarcinoma,NSCLC Adenocarcinoma,,,-1.340614398485875,-0.3228798039183571
ACH-000510,NCIH1299,Lung,Non-Small Cell Lung Cancer,Large Cell Lung Carcinoma,NSCLC Large Cell,,,-3.559247782401268,
ACH-001136,NCIH187,Lung,Lung Neuroendocrine Tumor,Small Cell Lung Cancer,,,,-1.008832456229638,
ACH-000860,NCIH358,Lung,Non-Small Cell Lung Cancer,Lung Adenocarcinoma,NSCLC Adenocarcinoma,,,-3.6931688166986887,
ACH-000343,NCIH522,Lung,Non-Small Cell Lung Cancer,Lung Adenocarcinoma,NSCLC Adenocarcinoma,,,-3.3688803531360865,
ACH-000775,NCIH727,Lung,Lung Neuroendocrine Tumor,Lung Carcinoid,,,,-3.825232539788837,
ACH-000789,NCIH810,Lung,Non-Small Cell Lung Cancer,Large Cell Lung Carcinoma,NSCLC Large Cell,,,-5.113572599849522,-0.7465262858437436
ACH-000980,NCIH1155,Lung,Non-Small Cell Lung Cancer,Large Cell Lung Carcinoma,NSCLC Large Cell,,,-0.2356572796342989,-0.0934362384892469
ACH-000639,NCIH211,Lung,Lung Neuroendocrine Tumor,Small Cell Lung Cancer,,,,-3.0086807400132782,
ACH-000367,NCIH226,Pleura,Pleural Mesothelioma,"Pleural Mesothelioma, Epithelioid Type",NSCLC Squamous,,,-0.7754302854093111,
ACH-000378,NCIH647,Lung,Non-Small Cell Lung Cancer,Lung Adenosquamous Carcinoma,NSCLC Adenosquamous,,,-1.5067238872549893,
ACH-000945,NCIH650,Lung,Non-Small Cell Lung Cancer,Lung Adenocarcinoma,NSCLC Adenocarcinoma,,,-1.6701960854242468,
ACH-000416,NCIH838,Lung,Non-Small Cell Lung Cancer,Lung Adenocarcinoma,NSCLC Adenocarcinoma,,,-1.8580610221002605,-3.646035330600824
ACH-001365,NCIH847,Lung,Lung Neuroendocrine Tumor,Small Cell Lung Cancer,,,,-2.1973532697412104,-4.352659008138452
ACH-000866,NCIH1048,Lung,Lung Neuroendocrine Tumor,Small Cell Lung Cancer,,,,-2.98781495944224,
ACH-000589,NCIH1437,Lung,Non-Small Cell Lung Cancer,Lung Adenocarcinoma,NSCLC Adenocarcinoma,,,-3.0310516156940084,
ACH-000892,NCIH1563,Lung,Non-Small Cell Lung Cancer,Lung Adenocarcinoma,NSCLC Adenocarcinoma,,,-0.8553264626212727,
ACH-000869,NCIH1568,Lung,Non-Small Cell Lung Cancer,Lung Adenocarcinoma,NSCLC Adenocarcinoma,,,-2.7449311719975187,
ACH-000744,NCIH1623,Lung,Non-Small Cell Lung Cancer,Lung Adenocarcinoma,NSCLC Adenocarcinoma,,,,-1.4930699136056975
ACH-000893,NCIH1651,Lung,Non-Small Cell Lung Cancer,Lung Adenocarcinoma,NSCLC Adenocarcinoma,,,-5.81767349816172,
ACH-000021,NCIH1693,Lung,Non-Small Cell Lung Cancer,Lung Adenocarcinoma,NSCLC Adenocarcinoma,,,-0.9761312419462054,
ACH-000431,NCIH1694,Lung,Lung Neuroendocrine Tumor,Small Cell Lung Cancer,,,,-2.9397161897112523,
ACH-000747,NCIH1703,Lung,Non-Small Cell Lung Cancer,Lung Squamous Cell Carcinoma,NSCLC Squamous,,,-2.5081138196470163,-2.962655563951916
ACH-000675,NCIH1734,Lung,Non-Small Cell Lung Cancer,Lung Adenocarcinoma,NSCLC Adenocarcinoma,,,-3.3400122346700205,
ACH-001362,NCIH1770,Lung,Non-Small Cell Lung Cancer,Non-Small Cell Lung Cancer,,,,-2.691130776167088,
ACH-000379,NCIH1781,Lung,Non-Small Cell Lung Cancer,Lung Adenocarcinoma,NSCLC Adenocarcinoma,,,-4.418638808195165,
ACH-000733,NCIH1838,Lung,Non-Small Cell Lung Cancer,Lung Adenocarcinoma,NSCLC Adenocarcinoma,,,-0.5409782187028596,
ACH-000586,NCIH1876,Lung,Lung Neuroendocrine Tumor,Small Cell Lung Cancer,,,,-2.49777440958344,
ACH-000587,NCIH1975,Lung,Non-Small Cell Lung Cancer,Lung Adenocarcinoma,NSCLC Adenocarcinoma,,,-3.1302860643900074,
ACH-000886,NCIH2009,Lung,Non-Small Cell Lung Cancer,Lung Adenocarcinoma,NSCLC Adenocarcinoma,,,-3.5750241123523616,
ACH-000781,NCIH2023,Lung,Non-Small Cell Lung Cancer,Lung Adenocarcinoma,NSCLC Adenocarcinoma,,,,-0.6571480963117167
ACH-000521,NCIH2030,Lung,Non-Small Cell Lung Cancer,Lung Adenocarcinoma,NSCLC Adenocarcinoma,,,-2.980948852752081,-1.03385465165074
ACH-000153,NCIH2052,Pleura,Pleural Mesothelioma,"Pleural Mesothelioma, Sarcomatoid Type",,,,-1.7836703541023695,
ACH-000394,NCIH2081,Lung,Lung Neuroendocrine Tumor,Small Cell Lung Cancer,,,,-1.17210118080302,
ACH-000841,NCIH2087,Lung,Non-Small Cell Lung Cancer,Lung Adenocarcinoma,NSCLC Adenocarcinoma,,,-3.7383701349299407,
ACH-000929,NCIH2110,Lung,Non-Small Cell Lung Cancer,Non-Small Cell Lung Cancer,,,,-5.969775158160733,-1.701496779331817
ACH-001363,NCIH2135,Lung,Non-Small Cell Lung Cancer,Non-Small Cell Lung Cancer,,,,-1.7099181903777243,
ACH-000481,NCIH2170,Lung,Non-Small Cell Lung Cancer,Lung Squamous Cell Carcinoma,NSCLC Squamous,,,-2.8872632295966323,
ACH-000525,NCIH2171,Lung,Lung Neuroendocrine Tumor,Small Cell Lung Cancer,,,,-1.403845677853365,
ACH-000924,NCIH2172,Lung,Non-Small Cell Lung Cancer,Non-Small Cell Lung Cancer,,,,-1.1010118219410696,
ACH-000399,NCIH2196,Lung,Lung Neuroendocrine Tumor,Small Cell Lung Cancer,,,,-1.6428622465974994,
ACH-000447,NCIH2228,Lung,Non-Small Cell Lung Cancer,Lung Adenocarcinoma,NSCLC Adenocarcinoma,,,-5.959342049870073,
ACH-000951,NCIH2342,Lung,Non-Small Cell Lung Cancer,Lung Adenocarcinoma,NSCLC Adenocarcinoma,,,-4.952731419523106,
ACH-000875,NCIH2347,Lung,Non-Small Cell Lung Cancer,Lung Adenocarcinoma,NSCLC Adenocarcinoma,,,-1.91299238189414,
ACH-000121,NCIH2405,Lung,Non-Small Cell Lung Cancer,Lung Adenocarcinoma,NSCLC Adenocarcinoma,,,-1.1963794742538705,
ACH-000932,SNU1,Esophagus/Stomach,Esophagogastric Adenocarcinoma,Stomach Adenocarcinoma,,,,-2.880867560106718,
ACH-001417,UMC11,Lung,Lung Neuroendocrine Tumor,Lung Carcinoid,,,,-1.0006399041504048,
ACH-001599,NCIH64,Lung,Lung Neuroendocrine Tumor,Small Cell Lung Cancer,,,,-2.408590515874659,
ACH-000729,NCIH1963,Lung,Lung Neuroendocrine Tumor,Small Cell Lung Cancer,,,,-0.6112807508695421,
ACH-000311,NCIH2122,Lung,Non-Small Cell Lung Cancer,Lung Adenocarcinoma,NSCLC Adenocarcinoma,,,-4.171817790879548,
ACH-000135,HS940T,Fibroblast,Non-Cancerous,"Fibroblast, Skin",,,,-1.9251024255624831,
ACH-000441,SH4,Skin,Melanoma,Melanoma,,,,-2.302498691712774,
ACH-000772,TE441T,Soft Tissue,Rhabdomyosarcoma,Rhabdomyosarcoma,,CIC_DUX4,,-2.7665726035741813,
ACH-000008,A101D,Skin,Melanoma,Melanoma,,,,-3.987075772641514,
ACH-001442,A388,Skin,Cutaneous Squamous Cell Carcinoma,Cutaneous Squamous Cell Carcinoma,,,,-4.106533752681163,
ACH-001341,DOTC24510,Cervix,Mixed Cervical Carcinoma,Mixed Cervical Carcinoma,,,,-3.9666855804964594,
ACH-001024,CHL1,Skin,Melanoma,Melanoma,,,,-4.6112448004327495,
ACH-000293,KLE,Uterus,Endometrial Carcinoma,Endometrial Carcinoma,,,,-1.88246092784638,
ACH-000679,OE19,Esophagus/Stomach,Esophageal Squamous Cell Carcinoma,Esophageal Squamous Cell Carcinoma,Laryngeal,,,-1.770169424580054,
ACH-000544,OE21,Esophagus/Stomach,Esophageal Squamous Cell Carcinoma,Esophageal Squamous Cell Carcinoma,,,,-1.3540597270701062,
ACH-000911,NUGC3,Esophagus/Stomach,Esophagogastric Adenocarcinoma,Stomach Adenocarcinoma,,,,-3.870333055600808,-0.6968691020441778
ACH-000750,LOXIMVI,Skin,Melanoma,Melanoma,,,,-0.9056549300584702,-2.3582509657073305
ACH-000696,OVCAR8,Ovary/Fallopian Tube,Ovarian Epithelial Tumor,High-Grade Serous Ovarian Cancer,High Grade Serous,,,-4.0640941064385006,
ACH-000827,WM793,Skin,Melanoma,Melanoma,,,,-4.212596397761168,-1.400929895226138
ACH-000579,UACC257,Skin,Melanoma,Melanoma,,,,-0.920158811598242,
ACH-000647,TE1,Esophagus/Stomach,Esophageal Squamous Cell Carcinoma,Esophageal Squamous Cell Carcinoma,,,,-2.71097879553921,
ACH-000814,HS939T,Skin,Melanoma,Melanoma,,,,-1.5100333043090213,
ACH-002253,JSC1,Lymphoid,Non-Hodgkin Lymphoma,Primary Effusion Lymphoma,B-cell Primary Effusion,,,-4.6778867537017375,
ACH-000193,KARPAS620,Lymphoid,Non-Hodgkin Lymphoma,Plasma Cell Myeloma,,,,-1.3164934616282429,
ACH-000625,HEP3B217,Liver,Hepatocellular Carcinoma,Hepatocellular Carcinoma,,,,-3.643411299273237,
ACH-000396,J82,Bladder/Urinary Tract,Bladder Urothelial Carcinoma,Bladder Urothelial Carcinoma,Bladder Transitional Cell,,,-4.975094688267828,
ACH-000149,SKNSH,Peripheral Nervous System,Neuroblastoma,Neuroblastoma,,,,-3.2900804935663217,
ACH-000940,AN3CA,Uterus,Endometrial Carcinoma,Endometrial Carcinoma,,,,-2.3200689917435584,
ACH-000939,SKUT1,Uterus,Uterine Sarcoma/Mesenchymal,Uterine Leiomyosarcoma,,,,-5.190813359021336,-3.000175782843503
ACH-001400,SW954,Vulva/Vagina,Squamous Cell Carcinoma of the Vulva/Vagina,Squamous Cell Carcinoma of the Vulva/Vagina,,,,-4.550734297508855,-1.9662084209957489
ACH-000258,DU4475,Breast,Invasive Breast Carcinoma,Invasive Breast Carcinoma,ERneg HER2neg,Luminal HER2 Amp,,-6.1845342010045,-3.8342792259142815
ACH-001358,MDAMB330,Breast,Invasive Breast Carcinoma,Breast Invasive Lobular Carcinoma,,,,-1.175698275448776,
ACH-000883,SW1783,CNS/Brain,Diffuse Glioma,Anaplastic Astrocytoma,Astrocytoma,,,-2.564091445664044,
ACH-000849,MDAMB468,Breast,Invasive Breast Carcinoma,Invasive Breast Carcinoma,ERneg HER2neg,Basal A,,-2.9901944741290327,
ACH-000147,T47D,Breast,Invasive Breast Carcinoma,Breast Invasive Ductal Carcinoma,ERpos HER2neg,Luminal,,-0.7844432265744735,
ACH-000067,HS683,CNS/Brain,Diffuse Glioma,Oligodendroglioma,Oligodendroglioma,,,-2.566770959419784,
ACH-000075,U87MG,CNS/Brain,Diffuse Glioma,Glioblastoma,Astrocytoma,,,-1.1139634048206066,
ACH-001529,JAR,Uterus,Gestational Trophoblastic Disease,Choriocarcinoma,,,,-0.5413657880477222,
ACH-002245,HS445,Lymphoid,Hodgkin Lymphoma,Hodgkin Lymphoma,,,,-4.636808636247709,-0.6793073560429278
ACH-000389,H4,CNS/Brain,Diffuse Glioma,Astrocytoma,,,,-2.7032144803570546,-2.2185839035810986
ACH-000506,NCIH146,Lung,Lung Neuroendocrine Tumor,Small Cell Lung Cancer,,,,,-0.0121224043811513
ACH-000638,NCIH441,Lung,Non-Small Cell Lung Cancer,Lung Adenocarcinoma,NSCLC Adenocarcinoma,,,-3.9859612721567816,
ACH-000463,NCIH460,Lung,Non-Small Cell Lung Cancer,Large Cell Lung Carcinoma,NSCLC Large Cell,,,-6.183220405541627,
ACH-000628,NCIH596,Lung,Non-Small Cell Lung Cancer,Lung Adenosquamous Carcinoma,NSCLC Adenosquamous,,,-1.9633999563302449,
ACH-000395,NCIH520,Lung,Non-Small Cell Lung Cancer,Lung Squamous Cell Carcinoma,NSCLC Squamous,,,-1.3751904903605192,
ACH-000853,NCIH661,Lung,Non-Small Cell Lung Cancer,Large Cell Lung Carcinoma,NSCLC Large Cell,,,-3.905308453275686,
ACH-000055,D283MED,CNS/Brain,Embryonal Tumor,Medulloblastoma,Med Group 3,MYC Exp,,-1.4268910293657937,
ACH-000211,DAOY,CNS/Brain,Embryonal Tumor,Medulloblastoma,,Non MYC,,-6.109026593003343,-2.5139129962904705
ACH-000536,BT20,Breast,Invasive Breast Carcinoma,Breast Invasive Ductal Carcinoma,ERneg HER2neg,Basal A,,-0.1617782501774852,
ACH-000242,RT4,Bladder/Urinary Tract,Bladder Urothelial Carcinoma,Bladder Urothelial Carcinoma,Bladder Transitional Cell,,,-0.4574990441319332,
ACH-000927,BT474,Breast,Invasive Breast Carcinoma,Breast Invasive Ductal Carcinoma,ERpos HER2pos,HER2 Amp,,-0.354512249506115,
ACH-000783,CAMA1,Breast,Invasive Breast Carcinoma,Breast Invasive Lobular Carcinoma,ERpos HER2neg,Luminal,,-1.657108054806849,
ACH-000019,MCF7,Breast,Invasive Breast Carcinoma,Invasive Breast Carcinoma,ERpos HER2neg,Luminal,,-5.803293211436786,-1.7539192940567396
ACH-000621,MDAMB157,Breast,Invasive Breast Carcinoma,Breast Invasive Ductal Carcinoma,ERneg HER2neg,Basal B,,-0.9919393885645742,
ACH-000934,MDAMB361,Breast,Invasive Breast Carcinoma,Invasive Breast Carcinoma,ERpos HER2pos,HER2 Amp,,-1.1512350325730607,
ACH-001333,C33A,Cervix,Cervical Squamous Cell Carcinoma,Cervical Squamous Cell Carcinoma,,,,-4.593512184140577,-2.0697756534815395
ACH-001525,HT3,Cervix,Cervical Adenocarcinoma,Cervical Adenocarcinoma,,,,-1.991466457121772,-0.4905953724345543
ACH-001359,ME180,Cervix,Cervical Squamous Cell Carcinoma,Cervical Squamous Cell Carcinoma,,,,-1.6991992811275587,-0.4707155278592929
ACH-001360,MS751,Cervix,Cervical Squamous Cell Carcinoma,Cervical Squamous Cell Carcinoma,,,,-0.8551843499845104,-2.0084483526600545
ACH-000556,SIHA,Cervix,Cervical Squamous Cell Carcinoma,Cervical Squamous Cell Carcinoma,,,,,-0.0370763544280475
ACH-001530,JEG3,Uterus,Gestational Trophoblastic Disease,Choriocarcinoma,,,,-2.142028295994981,
ACH-000552,HT29,Bowel,Colorectal Adenocarcinoma,Colon Adenocarcinoma,,,,-3.761609917038746,
ACH-000400,SKCO1,Bowel,Colorectal Adenocarcinoma,Colon Adenocarcinoma,,,,-2.508712257407777,
ACH-000018,T24,Bladder/Urinary Tract,Bladder Urothelial Carcinoma,Bladder Urothelial Carcinoma,,,,-1.1887126279178568,-0.5754689018801434
ACH-000740,A253,Head and Neck,Head and Neck Squamous Cell Carcinoma,Oral Cavity Squamous Cell Carcinoma,Salivary Gland,,,-3.758592542914549,
ACH-000846,FADU,Head and Neck,Head and Neck Squamous Cell Carcinoma,Hypopharynx Squamous Cell Carcinoma,,,,-2.677630479985755,
ACH-000720,TCCSUP,Bladder/Urinary Tract,Bladder Urothelial Carcinoma,Bladder Urothelial Carcinoma,Bladder Transitional Cell,,,-0.8710571869030518,
ACH-000361,SKHEP1,Liver,Hepatocellular Carcinoma,Hepatocellular Carcinoma,,,,-4.5701129876711,-1.9543537303729488
ACH-000392,CALU3,Lung,Non-Small Cell Lung Cancer,Lung Adenocarcinoma,NSCLC Adenocarcinoma,,,-3.1853918310098304,
ACH-000264,CALU6,Lung,Non-Small Cell Lung Cancer,Lung Adenocarcinoma,,,,-1.5161335984833864,
ACH-000309,SKLU1,Lung,Non-Small Cell Lung Cancer,Lung Adenocarcinoma,NSCLC Adenocarcinoma,,,-5.318016854826712,
ACH-000665,SKMES1,Lung,Non-Small Cell Lung Cancer,Lung Squamous Cell Carcinoma,NSCLC Squamous,,,-3.8062518317358864,
ACH-000669,SW900,Lung,Non-Small Cell Lung Cancer,Lung Squamous Cell Carcinoma,NSCLC Squamous,,,-1.7450770609667987,
ACH-001064,EB2,Lymphoid,Non-Hodgkin Lymphoma,Burkitt Lymphoma,B-cell Burkitt,,,-4.845968988994152,-0.231292532711117
ACH-000322,HT144,Skin,Melanoma,Melanoma,,,,-5.804314798116375,
ACH-000348,RPMI7951,Skin,Melanoma,Melanoma,,,,-2.332818645815308,
ACH-001190,SKMEL2,Skin,Melanoma,Melanoma,,,,-1.6238988338059317,-0.6161648719838855
ACH-000423,SKMEL3,Skin,Melanoma,Cutaneous Melanoma,,,,-2.058989517077656,
ACH-000730,SKMEL5,Skin,Melanoma,Cutaneous Melanoma,,,,-1.0190006912438705,
ACH-000001,NIHOVCAR3,Ovary/Fallopian Tube,Ovarian Epithelial Tumor,High-Grade Serous Ovarian Cancer,High Grade Serous,,,-0.0241916864057683,
ACH-000713,CAOV3,Ovary/Fallopian Tube,Ovarian Epithelial Tumor,High-Grade Serous Ovarian Cancer,High Grade Serous,,,-0.6774741705750692,
ACH-000103,CAOV4,Ovary/Fallopian Tube,Ovarian Epithelial Tumor,High-Grade Serous Ovarian Cancer,High Grade Serous,,,-0.9544775113341628,
ACH-000811,SKOV3,Ovary/Fallopian Tube,Ovarian Epithelial Tumor,Serous Ovarian Cancer,Endometrioid,,,-4.378370136806671,
ACH-001399,SW626,Bowel,Colorectal Adenocarcinoma,Colon Adenocarcinoma,,,,-2.2719979069492937,
ACH-000354,CAPAN1,Pancreas,Pancreatic Adenocarcinoma,Pancreatic Adenocarcinoma,Exocrine Adenocarcinoma,,,-3.370548755450125,
ACH-000979,DU145,Prostate,Prostate Adenocarcinoma,Prostate Adenocarcinoma,,,,-3.5008588778550966,-0.1663082738309888
ACH-000201,A204,Soft Tissue,Rhabdomyosarcoma,Embryonal Rhabdomyosarcoma,,,,-5.387554071575277,
ACH-000410,SAOS2,Bone,Osteosarcoma,Osteosarcoma,,,,-0.6656131832355195,
ACH-000087,SKES1,Bone,Ewing Sarcoma,Ewing Sarcoma,,EWS_FLI,,-3.894556423643047,
ACH-000145,SKLMS1,Soft Tissue,Leiomyosarcoma,Leiomyosarcoma,,,,-3.612793900388312,-2.01366432957244
ACH-000905,5637,Bladder/Urinary Tract,Bladder Urothelial Carcinoma,Bladder Urothelial Carcinoma,,,,-5.216761095091145,
ACH-000364,U2OS,Bone,Osteosarcoma,Osteosarcoma,,,,-0.0237602123907342,
ACH-002248,IMR5,Peripheral Nervous System,Neuroblastoma,Neuroblastoma,,,,-4.522543564808327,
ACH-000464,CAS1,CNS/Brain,Diffuse Glioma,Glioblastoma,Glioblastoma,,,-0.9948841600902826,
ACH-000569,ISTMES1,Pleura,Pleural Mesothelioma,"Pleural Mesothelioma, Epithelioid Type",,,,-1.0250675548784078,
ACH-000944,NAMALWA,Lymphoid,Non-Hodgkin Lymphoma,Burkitt Lymphoma,B-cell Burkitt,,,-3.4555616374043865,
ACH-000609,SF126,CNS/Brain,Diffuse Glioma,Glioblastoma,Astrocytoma,,,-2.0321624977703463,
ACH-000804,NB1,Peripheral Nervous System,Neuroblastoma,Neuroblastoma,,MYCN Amp,,-2.6583122492198568,
ACH-000719,RMGI,Ovary/Fallopian Tube,Ovarian Epithelial Tumor,Clear Cell Ovarian Cancer,Clear Cell,,,-0.9232976263478152,
ACH-000776,ONS76,CNS/Brain,Embryonal Tumor,Medulloblastoma,,Non MYC,,-4.83407628257884,-1.04867035787692
ACH-000622,KNS42,CNS/Brain,Diffuse Glioma,Glioblastoma,Glioblastoma,,,-1.1024820513899791,
ACH-001605,NO10,CNS/Brain,Diffuse Glioma,Glioblastoma,Glioblastoma,,,-1.731971033998831,
ACH-001606,NO11,CNS/Brain,Diffuse Glioma,Glioblastoma,Glioblastoma,,,-1.28354333517659,
ACH-000231,KALS1,CNS/Brain,Diffuse Glioma,Glioblastoma,Glioblastoma,,,-2.090022738177007,
ACH-000631,KS1,CNS/Brain,Diffuse Glioma,Glioblastoma,Astrocytoma,,,-6.491279844972726,-1.9719075246173667
ACH-000168,NOMO1,Myeloid,Acute Myeloid Leukemia,Acute Monoblastic/Monocytic Leukemia,M5,,,-1.7592249530359718,-0.7392764257306209
ACH-000738,GB1,CNS/Brain,Diffuse Glioma,Glioblastoma,Glioblastoma,,,-1.921825416641989,-0.4218713394277711
ACH-000269,AM38,CNS/Brain,Diffuse Glioma,Glioblastoma,Glioblastoma,,,-0.5533548446214646,
ACH-001517,HEC1,Uterus,Endometrial Carcinoma,Endometrial Carcinoma,,,,-1.694468355288285,
ACH-001704,VMRCMELG,Skin,Melanoma,Melanoma,,,,-0.2771687101669133,
ACH-000062,RERFLCMS,Lung,Non-Small Cell Lung Cancer,Lung Adenocarcinoma,NSCLC Adenocarcinoma,,,-0.4969044387006348,
ACH-000157,A4FUK,Lymphoid,Non-Hodgkin Lymphoma,"Diffuse Large B-Cell Lymphoma, NOS",DLBCL,,,-1.8824850126169224,-0.1354781957576011
ACH-000524,KURAMOCHI,Ovary/Fallopian Tube,Ovarian Epithelial Tumor,High-Grade Serous Ovarian Cancer,High Grade Serous,,,-1.9736851120488248,
ACH-000697,A3KAW,Lymphoid,Non-Hodgkin Lymphoma,"Diffuse Large B-Cell Lymphoma, NOS",DLBCL,,,-3.82672398723464,-1.0980275176485028
ACH-001642,SCC3,Lymphoid,Non-Hodgkin Lymphoma,Mature B-Cell Neoplasms,B-cell,,,-3.43135766787485,
ACH-000373,SKM1,Myeloid,Acute Myeloid Leukemia,Acute Myeloid Leukemia,,,,,-0.7337634340935283
ACH-000482,RERFLCKJ,Lung,Non-Small Cell Lung Cancer,Lung Adenocarcinoma,NSCLC Adenocarcinoma,,,-2.341828148115044,
ACH-002274,MLMA,Lymphoid,Non-Hodgkin Lymphoma,Hairy Cell Leukemia,,,,-2.1456560045686213,
ACH-002277,NBTU110,Peripheral Nervous System,Neuroblastoma,Neuroblastoma,,,,-1.6805416745684791,
ACH-001549,LU135,Lung,Lung Neuroendocrine Tumor,Small Cell Lung Cancer,,,,-5.461139586927488,
ACH-001655,SKN,Uterus,Uterine Sarcoma/Mesenchymal,Uterine Leiomyosarcoma,,,,-2.0443258234073274,
ACH-000505,RKN,Soft Tissue,Leiomyosarcoma,Leiomyosarcoma,,,,-0.5899180325947102,-0.7624102133819971
ACH-000108,KP3,Pancreas,Adenosquamous Carcinoma of the Pancreas,Adenosquamous Carcinoma of the Pancreas,Exocrine Adenosquamous,,,-1.0471231613257914,
ACH-000974,SNGM,Uterus,Endometrial Carcinoma,Endometrial Carcinoma,,,,-4.9214853643770455,-1.831533641688296
ACH-000281,KP2,Pancreas,Pancreatic Adenocarcinoma,Pancreatic Adenocarcinoma,Exocrine Adenocarcinoma,,,-1.93202245321768,
ACH-001542,KON,Head and Neck,Head and Neck Squamous Cell Carcinoma,Oral Cavity Squamous Cell Carcinoma,,,,-5.038702244840741,-2.993492431155443
ACH-001626,OSC20,Head and Neck,Head and Neck Squamous Cell Carcinoma,Oral Cavity Squamous Cell Carcinoma,,,,-4.4271749520798345,
ACH-001625,OSC19,Head and Neck,Head and Neck Squamous Cell Carcinoma,Oral Cavity Squamous Cell Carcinoma,,,,-3.453154372311744,
ACH-000430,TYKNU,Ovary/Fallopian Tube,Ovarian Epithelial Tumor,High-Grade Serous Ovarian Cancer,High Grade Serous,,,-0.0924416631390763,
ACH-000351,MKN1,Esophagus/Stomach,Esophagogastric Adenocarcinoma,Adenosquamous Carcinoma of the Stomach,,,,-5.741060359917933,
ACH-000356,MKN45,Esophagus/Stomach,Esophagogastric Adenocarcinoma,Diffuse Type Stomach Adenocarcinoma,Diffuse Gastric,,,-3.5628070314752915,
ACH-000561,TDOTT,Esophagus/Stomach,Esophageal Squamous Cell Carcinoma,Esophageal Squamous Cell Carcinoma,,,,-2.2379417460753035,-3.263358569136073
ACH-000480,HUH7,Liver,Hepatocellular Carcinoma,Hepatocellular Carcinoma,,,,-1.172174402628676,
ACH-000976,HUCCT1,Biliary Tract,Intraductal Papillary Neoplasm of the Bile Duct,Intrahepatic Cholangiocarcinoma,Intrahepatic,,,-2.4733185355459586,-0.999805538143512
ACH-000476,JHH4,Liver,Hepatocellular Carcinoma,Hepatocellular Carcinoma,,,,-1.1294520138749304,
ACH-001716,GOTO,Peripheral Nervous System,Neuroblastoma,Neuroblastoma,,,,-1.1468414350622649,-2.184398645768707
ACH-002178,NY,Bone,Osteosarcoma,Osteosarcoma,,,,-0.9920166774406024,
ACH-000472,HSC2,Head and Neck,Head and Neck Squamous Cell Carcinoma,Oral Cavity Squamous Cell Carcinoma,,,,-4.618020338488063,-1.4874936376150754
ACH-000778,HSC3,Head and Neck,Head and Neck Squamous Cell Carcinoma,Oral Cavity Squamous Cell Carcinoma,,,,-3.1677638717838663,-0.6529778443932368
ACH-000607,KYM1,Soft Tissue,Rhabdomyosarcoma,Embryonal Rhabdomyosarcoma,,,,-2.6085234071160777,
ACH-000570,YKG1,CNS/Brain,Diffuse Glioma,Glioblastoma,Glioblastoma,,,-5.03521056446978,
ACH-000528,ABC1,Lung,Non-Small Cell Lung Cancer,Lung Adenocarcinoma,NSCLC Adenocarcinoma,,,-3.1709331748856653,
ACH-000670,SBC5,Lung,Lung Neuroendocrine Tumor,Small Cell Lung Cancer,,,,-4.464734040778451,
ACH-001307,8505C,Thyroid,Anaplastic Thyroid Cancer,Anaplastic Thyroid Cancer,,,,-4.975445019956621,
ACH-000171,VMRCRCZ,Kidney,Renal Cell Carcinoma,Renal Cell Carcinoma,,,,-4.931286589701426,
ACH-001603,NH12,Peripheral Nervous System,Neuroblastoma,Neuroblastoma,,,,-3.4505793009855603,
ACH-000144,RERFGC1B,Esophagus/Stomach,Esophagogastric Adenocarcinoma,Stomach Adenocarcinoma,,,,-2.5698455907248148,
ACH-000684,KMRC1,Kidney,Renal Cell Carcinoma,Renal Clear Cell Carcinoma,Clear Cell,,,-0.0736701090163482,
ACH-000217,JHH6,Liver,Hepatocellular Carcinoma,Hepatocellular Carcinoma,,,,-0.8655337110291329,
ACH-000848,JHH7,Liver,Hepatocellular Carcinoma,Hepatocellular Carcinoma,,,,-3.613303830058789,
ACH-000527,OVISE,Ovary/Fallopian Tube,Ovarian Epithelial Tumor,Clear Cell Ovarian Cancer,Clear Cell,,,-1.2439254890315523,
ACH-000620,JHH1,Liver,Hepatocellular Carcinoma,Hepatocellular Carcinoma,,,,-2.1306610701622333,
ACH-001443,ASH3,Thyroid,Anaplastic Thyroid Cancer,Anaplastic Thyroid Cancer,,,,-3.5104868869927865,
ACH-000919,IM95,Esophagus/Stomach,Esophagogastric Adenocarcinoma,Stomach Adenocarcinoma,,,,-3.240770553997773,
ACH-001528,IHH4,Thyroid,Well-Differentiated Thyroid Cancer,Papillary Thyroid Cancer,Papillary,,,-6.371205461487848,-2.768582706961185
ACH-000843,HARA,Lung,Non-Small Cell Lung Cancer,Lung Squamous Cell Carcinoma,NSCLC Squamous,,,-1.7235041527817083,-1.2794742419284686
ACH-000652,SUIT2,Pancreas,Pancreatic Adenocarcinoma,Pancreatic Adenocarcinoma,Exocrine Adenocarcinoma,,,-3.639852537053445,
ACH-000714,KMS11,Lymphoid,Non-Hodgkin Lymphoma,Plasma Cell Myeloma,,,,,-0.3058497132135938
ACH-000232,U251MG,CNS/Brain,Diffuse Glioma,Astrocytoma,Astrocytoma,,,-3.370438829540104,-1.8972116877190064
ACH-000383,OE33,Esophagus/Stomach,Esophagogastric Adenocarcinoma,Esophageal Adenocarcinoma,,,,-0.2772657595189653,
ACH-000672,IALM,Lung,Non-Small Cell Lung Cancer,Large Cell Lung Carcinoma,NSCLC Large Cell,,,-3.4159663886403484,
ACH-000159,OSRC2,Kidney,Renal Cell Carcinoma,Renal Clear Cell Carcinoma,,,,-1.0420911660074206,
ACH-000756,GI1,CNS/Brain,Diffuse Glioma,Gliosarcoma,Glioblastoma,,,-3.164867796447862,
ACH-000305,ECGI10,Esophagus/Stomach,Esophageal Squamous Cell Carcinoma,Esophageal Squamous Cell Carcinoma,,,,,-2.7917108070444656
ACH-000560,ECC10,Esophagus/Stomach,Esophagogastric Adenocarcinoma,Small Cell Carcinoma of the Stomach,,,,-1.95097548083156,-2.4343307528991907
ACH-000265,KP4,Pancreas,Pancreatic Adenocarcinoma,Pancreatic Adenocarcinoma,Exocrine Adenocarcinoma,,,-4.11679522006158,-3.262218163811629
ACH-002149,KGN,Ovary/Fallopian Tube,Sex Cord Stromal Tumor,Granulosa Cell Tumor,,,,-6.405191046389284,
ACH-002162,MMACSF,Skin,Melanoma,Melanoma,,,,-2.105113550007156,
ACH-000674,NUGC4,Esophagus/Stomach,Esophagogastric Adenocarcinoma,Diffuse Type Stomach Adenocarcinoma,Diffuse Gastric,,,-1.888529051903512,
ACH-000408,TE5,Esophagus/Stomach,Esophageal Squamous Cell Carcinoma,Esophageal Squamous Cell Carcinoma,,,,-3.2712639659341645,-0.2110053971685093
ACH-000605,TE6,Esophagus/Stomach,Esophageal Squamous Cell Carcinoma,Esophageal Squamous Cell Carcinoma,,,,-0.3963964835046659,
ACH-000353,TE15,Esophagus/Stomach,Esophageal Squamous Cell Carcinoma,Esophageal Squamous Cell Carcinoma,,,,-4.5106880507334255,
ACH-000484,VMRCRCW,Kidney,Renal Cell Carcinoma,Renal Cell Carcinoma,,,,-3.794014871009973,
ACH-000563,EBC1,Lung,Non-Small Cell Lung Cancer,Lung Squamous Cell Carcinoma,NSCLC Squamous,,,-2.4279002580849616,-1.7555362350246215
ACH-000769,LK2,Lung,Non-Small Cell Lung Cancer,Lung Squamous Cell Carcinoma,NSCLC Squamous,,,-0.8427962159681679,
ACH-000694,TE9,Esophagus/Stomach,Esophageal Squamous Cell Carcinoma,Esophageal Squamous Cell Carcinoma,,,,-0.8655376256672422,
ACH-000452,TE8,Esophagus/Stomach,Esophageal Squamous Cell Carcinoma,Esophageal Squamous Cell Carcinoma,,,,-5.553939360814304,
ACH-000318,TE10,Esophagus/Stomach,Esophageal Squamous Cell Carcinoma,Esophageal Squamous Cell Carcinoma,,,,-2.546699971946785,
ACH-000488,TE11,Esophagus/Stomach,Esophageal Squamous Cell Carcinoma,Esophageal Squamous Cell Carcinoma,,,,-1.5987830493984745,
ACH-000030,PC14,Lung,Non-Small Cell Lung Cancer,Lung Adenocarcinoma,NSCLC Adenocarcinoma,,,-1.4622422391261838,
ACH-000146,THP1,Myeloid,Acute Myeloid Leukemia,Acute Myeloid Leukemia,M5,,,,-2.4503711580813348
ACH-000835,GCT,Soft Tissue,Undifferentiated Pleomorphic Sarcoma/Malignant Fibrous Histiocytoma/High-Grade Spindle Cell Sarcoma,Undifferentiated Pleomorphic Sarcoma/Malignant Fibrous Histiocytoma/High-Grade Spindle Cell Sarcoma,,,,-0.4931311834084894,-3.1525905106946728
